StartDate	EndDate	Status	IPAddress	Progress	Duration (in seconds)	Finished	RecordedDate	ResponseId	RecipientLastName	RecipientFirstName	RecipientEmail	ExternalReference	LocationLatitude	LocationLongitude	DistributionChannel	UserLanguage	Q21_1	Q21_2	Q21_3	Q21_4	Q21_5	Q21_6	Q21_7	Q21_8	Q21_9	Q21_10	Q21_11	Q21_12	Q21_13	Q21_14	Q21_15	Q21_16	Q21_17	Q21_18	Q21_19	Q21_20	Q22
2021/1/11 6:04	2021/1/11 6:08	IP Address	219.142.99.14	100	204	TRUE	2021/1/11 6:08	R_3CIxQMOUUPoLsmO					39.92880249	116.3888855	anonymous	ZH-S	反对	中立	完全反对	比较同意	完全同意	完全反对	完全反对	比较反对	比较同意	完全反对	同意	比较同意	比较同意	反对	比较反对	反对	同意	反对	比较反对	同意	有点满意
2021/1/11 6:10	2021/1/11 6:13	IP Address	59.64.54.119	100	179	TRUE	2021/1/11 6:13	R_28Hynhmn84ju2sP					24.31170654	109.3861084	anonymous	ZH-S	比较反对	比较同意	比较同意	比较同意	同意	中立	比较反对	中立	同意	比较反对	比较同意	中立	比较同意	反对	比较同意	比较反对	比较反对	比较同意	比较同意	同意	有点满意
2021/1/11 6:16	2021/1/11 6:19	IP Address	219.142.99.14	100	197	TRUE	2021/1/11 6:19	R_2PdjDql6TcasCqd					39.92880249	116.3888855	anonymous	ZH-S	比较同意	比较同意	比较同意	比较同意	同意	反对	比较反对	反对	反对	完全反对	同意	比较同意	完全反对	比较反对	同意	完全反对	比较同意	比较同意	比较同意	同意	有点满意
2021/1/11 6:22	2021/1/11 6:24	IP Address	59.64.54.119	100	102	TRUE	2021/1/11 6:24	R_3HvLKnLcEZZQbje					24.31170654	109.3861084	anonymous	ZH-S	比较同意	比较反对	同意	比较同意	比较反对	同意	同意	完全同意	完全同意	同意	完全同意	比较反对	完全同意	比较同意	同意	反对	反对	完全反对	比较反对	同意	一般满意
2021/1/11 7:49	2021/1/11 7:52	IP Address	59.64.54.119	100	132	TRUE	2021/1/11 7:52	R_111LBrxv36V9jQI					24.31170654	109.3861084	anonymous	ZH-S	比较同意	比较反对	中立	中立	同意	同意	同意	完全同意	完全同意	比较同意	比较同意	反对	反对	完全反对	比较反对	中立	比较同意	中立	比较同意	同意	一般满意
2021/1/11 7:54	2021/1/11 7:58	IP Address	59.64.54.119	100	218	TRUE	2021/1/11 7:58	R_3lGLWj0epUDuWY3					24.31170654	109.3861084	anonymous	ZH-S	比较同意	中立	中立	比较同意	反对	比较同意	比较同意	同意	同意	比较同意	完全同意	同意	完全同意	比较同意	比较反对	反对	比较反对	比较反对	比较反对	同意	有点不满意
2021/1/11 8:00	2021/1/11 8:02	IP Address	219.142.99.14	100	103	TRUE	2021/1/11 8:02	R_2yqKNTgcWmsAQ4A					39.92880249	116.3888855	anonymous	ZH-S	比较同意	比较反对	比较同意	比较同意	同意	比较反对	比较反对	中立	同意	比较同意	比较反对	完全反对	完全反对	反对	反对	比较反对	比较同意	比较反对	中立	同意	有点满意
2021/1/11 8:05	2021/1/11 8:07	IP Address	59.64.54.119	100	107	TRUE	2021/1/11 8:07	R_daKdGoM0KSdDmbn					24.31170654	109.3861084	anonymous	ZH-S	比较同意	比较反对	反对	反对	完全同意	比较反对	比较反对	反对	同意	比较反对	同意	完全反对	比较反对	反对	同意	反对	比较反对	中立	比较反对	同意	中立
2021/1/11 17:07	2021/1/11 17:09	IP Address	59.64.54.119	100	81	TRUE	2021/1/11 17:09	R_9zzrLSx46fsfmKd					24.31170654	109.3861084	anonymous	ZH-S	同意	完全同意	同意	完全同意	完全同意	比较同意	同意	中立	比较同意	比较同意	完全同意	中立	完全同意	同意	比较同意	中立	同意	比较同意	同意	同意	一般满意
2021/1/11 17:11	2021/1/11 17:13	IP Address	59.64.54.119	100	70	TRUE	2021/1/11 17:13	R_1QZ5CDD0lZKwriF					24.31170654	109.3861084	anonymous	ZH-S	比较反对	完全反对	反对	反对	完全反对	同意	反对	完全反对	比较同意	完全反对	完全同意	同意	完全反对	完全同意	反对	反对	完全反对	完全反对	完全反对	同意	一般不满意
2021/1/11 17:15	2021/1/11 17:16	IP Address	219.142.99.14	100	67	TRUE	2021/1/11 17:16	R_3HMz16jCqTXObmN					39.92880249	116.3888855	anonymous	ZH-S	同意	比较反对	同意	同意	完全同意	完全同意	同意	比较同意	完全同意	完全同意	比较反对	完全反对	完全反对	完全反对	同意	比较反对	同意	同意	同意	同意	一般满意
2021/1/11 17:19	2021/1/11 17:20	IP Address	59.64.54.119	100	57	TRUE	2021/1/11 17:20	R_1lzty8E7fPqr51V					24.31170654	109.3861084	anonymous	ZH-S	完全同意	同意	完全同意	比较同意	同意	完全同意	完全同意	同意	同意	完全同意	完全反对	完全反对	同意	完全反对	同意	比较同意	同意	完全同意	比较同意	同意	极为满意
2021/1/11 18:26	2021/1/11 18:28	IP Address	59.64.54.119	100	121	TRUE	2021/1/11 18:28	R_3qwyw5Xpo7gJTMR					24.31170654	109.3861084	anonymous	ZH-S	比较同意	同意	同意	同意	完全同意	比较同意	比较同意	比较同意	比较同意	比较同意	比较同意	反对	同意	比较反对	比较反对	比较反对	比较同意	中立	比较同意	同意	有点满意
2021/1/11 18:30	2021/1/11 18:32	IP Address	59.64.54.119	100	86	TRUE	2021/1/11 18:32	R_3324BMTqgsCqEUZ					24.31170654	109.3861084	anonymous	ZH-S	反对	反对	反对	反对	反对	反对	反对	反对	反对	比较反对	反对	比较同意	比较反对	反对	反对	反对	反对	反对	反对	同意	一般不满意
2021/1/11 18:34	2021/1/11 18:36	IP Address	59.64.54.119	100	93	TRUE	2021/1/11 18:36	R_2bJ2c1UmVGw046P					24.31170654	109.3861084	anonymous	ZH-S	比较反对	比较同意	比较同意	中立	比较同意	比较反对	中立	比较反对	比较反对	反对	中立	比较同意	比较反对	比较反对	反对	反对	比较反对	反对	比较反对	同意	有点不满意
2021/1/11 18:42	2021/1/11 18:44	IP Address	59.64.54.119	100	69	TRUE	2021/1/11 18:44	R_2QGIu8oy1SIZjvt					24.31170654	109.3861084	anonymous	ZH-S	反对	中立	反对	反对	比较反对	反对	反对	反对	反对	反对	比较反对	比较同意	比较反对	中立	反对	反对	反对	反对	反对	同意	一般不满意
2021/1/11 19:43	2021/1/11 19:44	IP Address	59.64.54.119	100	66	TRUE	2021/1/11 19:44	R_22EcSgvJQL18r9F					24.31170654	109.3861084	anonymous	ZH-S	完全反对	反对	反对	完全反对	完全反对	比较反对	比较反对	中立	比较同意	比较同意	反对	比较同意	反对	完全反对	反对	完全反对	完全反对	中立	反对	同意	有点满意
2021/1/11 19:47	2021/1/11 19:48	IP Address	59.64.54.119	100	59	TRUE	2021/1/11 19:48	R_2uqBS9pAr0smiyN					24.31170654	109.3861084	anonymous	ZH-S	同意	同意	同意	同意	同意	同意	同意	比较同意	同意	完全同意	同意	比较反对	同意	比较同意	同意	反对	比较反对	中立	比较同意	同意	一般满意
2021/1/11 19:50	2021/1/11 19:51	IP Address	59.64.54.119	100	54	TRUE	2021/1/11 19:51	R_1OHbJHykB6IO50s					24.31170654	109.3861084	anonymous	ZH-S	中立	比较反对	反对	完全反对	比较反对	反对	反对	中立	中立	中立	反对	同意	反对	同意	比较反对	中立	比较反对	比较反对	比较反对	同意	中立
2021/1/11 19:54	2021/1/11 19:55	IP Address	59.64.54.119	100	57	TRUE	2021/1/11 19:55	R_3foTxufhI8dOXWN					24.31170654	109.3861084	anonymous	ZH-S	比较反对	比较反对	比较反对	反对	完全反对	反对	反对	比较反对	比较反对	中立	比较同意	比较同意	同意	比较同意	中立	反对	反对	比较反对	中立	同意	有点满意
2021/1/11 20:40	2021/1/11 20:42	IP Address	59.64.54.119	100	88	TRUE	2021/1/11 20:42	R_1flR6UAjl0gP2xu					24.31170654	109.3861084	anonymous	ZH-S	中立	比较同意	同意	比较同意	完全同意	完全同意	同意	同意	完全同意	完全同意	反对	反对	同意	反对	同意	比较同意	比较同意	同意	中立	同意	一般满意
2021/1/11 20:44	2021/1/11 20:46	IP Address	59.64.54.119	100	78	TRUE	2021/1/11 20:46	R_5zNFgiXTEcr9s6B					24.31170654	109.3861084	anonymous	ZH-S	完全反对	完全反对	反对	完全反对	比较反对	比较反对	反对	中立	比较同意	比较反对	反对	中立	完全反对	完全反对	中立	反对	反对	反对	反对	同意	一般不满意
2021/1/11 20:48	2021/1/11 20:49	IP Address	59.64.54.119	100	76	TRUE	2021/1/11 20:49	R_YPMSU7yYbuURwxr					24.31170654	109.3861084	anonymous	ZH-S	比较反对	反对	比较反对	反对	比较反对	比较同意	比较同意	中立	中立	中立	比较反对	中立	中立	完全反对	比较反对	反对	反对	中立	比较反对	同意	中立
2021/1/11 20:52	2021/1/11 20:53	IP Address	59.64.54.119	100	56	TRUE	2021/1/11 20:53	R_1PcSe8gYsMHflQ7					24.31170654	109.3861084	anonymous	ZH-S	同意	完全同意	完全同意	同意	完全同意	同意	中立	完全同意	比较反对	同意	比较反对	反对	反对	完全反对	中立	同意	完全同意	比较同意	同意	同意	极为满意
2021/1/11 23:20	2021/1/11 23:21	IP Address	59.64.54.119	100	56	TRUE	2021/1/11 23:21	R_O8BB1t7ewhU55Sh					24.31170654	109.3861084	anonymous	ZH-S	比较反对	比较反对	比较反对	中立	比较反对	中立	中立	比较同意	比较同意	中立	比较反对	比较反对	比较同意	中立	中立	比较反对	比较反对	比较反对	比较反对	同意	中立
2021/1/11 23:24	2021/1/11 23:25	IP Address	59.64.54.119	100	45	TRUE	2021/1/11 23:25	R_2uTXciaF49N9y7j					24.31170654	109.3861084	anonymous	ZH-S	比较反对	比较反对	中立	比较反对	中立	比较反对	中立	比较反对	中立	中立	中立	比较反对	比较同意	比较同意	比较反对	比较反对	比较反对	比较同意	比较反对	同意	中立
2021/1/11 23:27	2021/1/11 23:28	IP Address	59.64.54.119	100	44	TRUE	2021/1/11 23:28	R_2w0RGgUWYg0PoqU					24.31170654	109.3861084	anonymous	ZH-S	比较同意	比较同意	比较同意	比较同意	中立	比较同意	比较同意	中立	比较同意	比较同意	中立	中立	比较同意	中立	比较反对	比较反对	比较反对	比较同意	中立	同意	有点满意
2021/1/11 23:40	2021/1/11 23:42	IP Address	59.64.54.119	100	126	TRUE	2021/1/11 23:42	R_1QfNH3mlsR6kP9c					24.31170654	109.3861084	anonymous	ZH-S	中立	中立	中立	中立	中立	完全反对	比较反对	反对	反对	完全反对	比较同意	反对	比较同意	比较同意	中立	反对	反对	比较反对	反对	中立	有点不满意
2021/1/11 23:44	2021/1/11 23:46	IP Address	59.64.54.119	100	77	TRUE	2021/1/11 23:46	R_9tzKoybi4Reof2V					24.31170654	109.3861084	anonymous	ZH-S	比较同意	比较反对	比较同意	比较同意	比较同意	比较同意	比较同意	同意	比较同意	同意	中立	比较反对	同意	中立	中立	反对	中立	比较反对	比较同意	同意	有点满意
2021/1/11 23:48	2021/1/11 23:50	IP Address	59.64.54.119	100	85	TRUE	2021/1/11 23:50	R_2SqLmXWgl2eRq2M					24.31170654	109.3861084	anonymous	ZH-S	比较反对	中立	比较反对	中立	中立	反对	完全反对	反对	比较反对	反对	中立	反对	中立	中立	反对	反对	完全反对	比较反对	反对	同意	有点不满意
2021/1/11 23:52	2021/1/11 23:54	IP Address	59.64.54.119	100	85	TRUE	2021/1/11 23:54	R_Q0MoyXTWavyaYJH					24.31170654	109.3861084	anonymous	ZH-S	反对	反对	比较反对	反对	比较反对	中立	中立	比较同意	比较同意	比较同意	中立	比较同意	中立	比较反对	中立	完全反对	完全反对	反对	反对	同意	中立
2021/1/12 0:08	2021/1/12 0:11	IP Address	59.64.54.119	100	176	TRUE	2021/1/12 0:11	R_VPyMsolJzx5cXTz					24.31170654	109.3861084	anonymous	ZH-S	比较反对	比较同意	比较同意	比较同意	比较同意	比较反对	中立	比较同意	同意	中立	反对	中立	比较反对	比较反对	比较反对	比较反对	比较反对	比较反对	反对	同意	有点满意
2021/1/12 0:14	2021/1/12 0:16	IP Address	59.64.54.119	100	127	TRUE	2021/1/12 0:16	R_TtJgXVaVhf1bX7X					24.31170654	109.3861084	anonymous	ZH-S	比较反对	比较同意	比较同意	同意	比较同意	比较同意	比较同意	比较同意	同意	同意	比较同意	同意	同意	比较反对	同意	比较反对	比较反对	比较反对	中立	同意	一般满意
2021/1/12 0:19	2021/1/12 0:20	IP Address	59.64.54.119	100	100	TRUE	2021/1/12 0:20	R_AKW6WA2FWUGg6lz					24.31170654	109.3861084	anonymous	ZH-S	反对	反对	比较反对	反对	比较反对	比较同意	比较反对	比较反对	比较反对	比较反对	比较反对	比较反对	反对	反对	反对	比较反对	比较反对	中立	比较反对	同意	中立
2021/1/12 0:23	2021/1/12 0:25	IP Address	59.64.54.119	100	98	TRUE	2021/1/12 0:25	R_C8iQUDp8kAy3Rxn					24.31170654	109.3861084	anonymous	ZH-S	比较同意	比较同意	比较同意	同意	同意	比较同意	比较反对	比较反对	比较反对	比较同意	反对	比较反对	反对	反对	比较同意	比较反对	比较反对	中立	比较同意	同意	一般满意
2021/1/12 0:34	2021/1/12 0:35	IP Address	59.64.54.119	100	72	TRUE	2021/1/12 0:35	R_3EXtpfarkEkB1Ts					24.31170654	109.3861084	anonymous	ZH-S	完全反对	反对	中立	中立	反对	比较反对	反对	中立	比较反对	比较反对	比较同意	中立	比较同意	同意	反对	完全反对	完全反对	反对	反对	同意	中立
2021/1/12 0:38	2021/1/12 0:39	IP Address	59.64.54.119	100	39	TRUE	2021/1/12 0:39	R_so3OQrgDq7wrhRf					24.31170654	109.3861084	anonymous	ZH-S	完全反对	完全反对	完全反对	完全反对	完全反对	完全反对	完全反对	完全反对	完全反对	完全反对	完全同意	比较同意	完全同意	完全同意	完全反对	完全反对	完全反对	完全反对	完全反对	同意	极不满意
2021/1/12 0:41	2021/1/12 0:42	IP Address	59.64.54.119	100	53	TRUE	2021/1/12 0:42	R_1QGwpCkBg9VyVOx					24.31170654	109.3861084	anonymous	ZH-S	比较反对	中立	比较同意	比较反对	比较反对	反对	反对	反对	中立	比较反对	中立	中立	中立	中立	反对	完全反对	反对	比较反对	比较反对	同意	中立
2021/1/12 0:45	2021/1/12 0:46	IP Address	59.64.54.119	100	54	TRUE	2021/1/12 0:46	R_2WMTQoO36V6lcSS					24.31170654	109.3861084	anonymous	ZH-S	同意	比较同意	比较同意	比较同意	同意	同意	比较同意	中立	中立	同意	比较同意	比较反对	比较同意	中立	比较同意	比较反对	反对	比较反对	比较同意	同意	有点满意
2021/1/12 1:16	2021/1/12 1:18	IP Address	59.64.54.119	100	73	TRUE	2021/1/12 1:18	R_2RRhKeJnB2sja5k					24.31170654	109.3861084	anonymous	ZH-S	比较同意	比较同意	中立	比较同意	比较同意	中立	中立	中立	中立	中立	比较同意	比较反对	比较同意	中立	中立	比较反对	比较同意	中立	比较同意	同意	有点满意
2021/1/12 1:20	2021/1/12 1:21	IP Address	59.64.54.119	100	58	TRUE	2021/1/12 1:21	R_32XuvnHmXWXa0of					24.31170654	109.3861084	anonymous	ZH-S	反对	反对	反对	比较反对	比较反对	反对	反对	反对	比较反对	完全反对	比较反对	中立	反对	比较反对	比较反对	完全反对	反对	比较反对	反对	同意	中立
2021/1/12 1:24	2021/1/12 1:25	IP Address	59.64.54.119	100	55	TRUE	2021/1/12 1:25	R_1K14vBhyLRGAqJZ					24.31170654	109.3861084	anonymous	ZH-S	完全反对	反对	反对	比较反对	反对	反对	反对	反对	比较反对	比较反对	比较反对	中立	中立	比较同意	反对	反对	比较反对	比较反对	反对	同意	有点不满意
2021/1/12 1:27	2021/1/12 1:28	IP Address	59.64.54.119	100	50	TRUE	2021/1/12 1:28	R_10H0aZlMbsex0ux					24.31170654	109.3861084	anonymous	ZH-S	中立	中立	中立	中立	中立	中立	比较反对	比较反对	比较反对	中立	中立	比较同意	中立	中立	比较反对	比较反对	比较反对	中立	比较反对	同意	中立
2021/1/12 2:36	2021/1/12 2:38	IP Address	59.64.54.119	100	107	TRUE	2021/1/12 2:38	R_3Kw3VsharwZNEgT					24.31170654	109.3861084	anonymous	ZH-S	中立	比较反对	比较反对	反对	比较同意	比较反对	同意	中立	中立	比较反对	反对	同意	同意	比较反对	反对	中立	中立	比较反对	中立	同意	有点不满意
2021/1/12 2:41	2021/1/12 2:42	IP Address	59.64.54.119	100	75	TRUE	2021/1/12 2:42	R_31gxcCJlDuvIP0S					24.31170654	109.3861084	anonymous	ZH-S	完全反对	反对	反对	反对	反对	反对	比较反对	比较反对	反对	中立	中立	比较同意	完全同意	完全同意	完全反对	反对	反对	反对	完全反对	同意	一般不满意
2021/1/12 2:44	2021/1/12 2:46	IP Address	59.64.54.119	100	70	TRUE	2021/1/12 2:46	R_2yp7CmGrZOa8B6G					24.31170654	109.3861084	anonymous	ZH-S	完全反对	反对	反对	完全反对	反对	中立	反对	完全反对	比较反对	比较同意	完全同意	完全同意	完全同意	完全同意	反对	完全反对	完全反对	中立	中立	同意	一般不满意
2021/1/12 2:48	2021/1/12 2:49	IP Address	59.64.54.119	100	62	TRUE	2021/1/12 2:49	R_1GZVtidNoTdw7s0					24.31170654	109.3861084	anonymous	ZH-S	同意	同意	完全同意	同意	同意	同意	完全同意	完全同意	完全同意	完全同意	反对	中立	反对	完全反对	中立	中立	比较同意	同意	完全同意	同意	一般满意
2021/1/12 3:01	2021/1/12 3:02	IP Address	59.64.54.119	100	79	TRUE	2021/1/12 3:02	R_2Y9QfnlimDro65j					24.31170654	109.3861084	anonymous	ZH-S	比较同意	同意	比较同意	同意	同意	比较同意	同意	同意	同意	比较同意	中立	反对	比较同意	比较反对	比较同意	中立	比较反对	同意	同意	同意	一般满意
2021/1/12 3:05	2021/1/12 3:06	IP Address	59.64.54.119	100	79	TRUE	2021/1/12 3:06	R_3NPsMELcPQIXSUm					24.31170654	109.3861084	anonymous	ZH-S	比较反对	反对	比较反对	比较反对	比较反对	比较反对	比较反对	比较同意	比较同意	比较反对	反对	中立	反对	比较反对	比较同意	反对	反对	比较同意	中立	同意	中立
2021/1/12 3:09	2021/1/12 3:10	IP Address	59.64.54.119	100	74	TRUE	2021/1/12 3:10	R_x4yLFmv0HAWN54d					24.31170654	109.3861084	anonymous	ZH-S	比较反对	比较反对	比较反对	比较反对	反对	反对	反对	比较反对	比较同意	比较反对	中立	比较同意	中立	中立	反对	反对	比较反对	反对	反对	同意	有点不满意
2021/1/12 3:13	2021/1/12 3:14	IP Address	59.64.54.119	100	58	TRUE	2021/1/12 3:14	R_3eli2AypjEOrzgT					24.31170654	109.3861084	anonymous	ZH-S	完全反对	完全反对	反对	完全反对	完全反对	完全反对	完全反对	完全反对	完全反对	完全反对	中立	中立	反对	同意	完全反对	完全反对	反对	完全反对	完全反对	同意	一般不满意
2021/1/12 3:27	2021/1/12 3:28	IP Address	59.64.54.119	100	64	TRUE	2021/1/12 3:28	R_3psPa0MCeGTuZZR					24.31170654	109.3861084	anonymous	ZH-S	中立	同意	中立	比较同意	比较同意	比较同意	比较同意	中立	比较同意	比较同意	中立	比较反对	比较同意	反对	反对	比较反对	比较反对	比较同意	比较反对	同意	有点满意
2021/1/12 3:30	2021/1/12 3:32	IP Address	59.64.54.119	100	64	TRUE	2021/1/12 3:32	R_1GUedoCgMMeOjlC					24.31170654	109.3861084	anonymous	ZH-S	比较反对	比较反对	比较反对	反对	反对	比较反对	比较反对	反对	反对	反对	比较反对	比较同意	中立	反对	比较反对	比较反对	反对	比较反对	反对	同意	有点不满意
2021/1/12 3:34	2021/1/12 3:35	IP Address	59.64.54.119	100	40	TRUE	2021/1/12 3:35	R_3eawiwWYW2deoll					24.31170654	109.3861084	anonymous	ZH-S	同意	完全同意	同意	同意	完全同意	完全同意	完全同意	完全同意	完全同意	完全同意	比较同意	反对	反对	完全反对	同意	完全同意	同意	同意	完全同意	同意	一般满意
2021/1/12 3:37	2021/1/12 3:38	IP Address	59.64.54.119	100	51	TRUE	2021/1/12 3:38	R_D1MKSjczeKs1mlb					24.31170654	109.3861084	anonymous	ZH-S	比较同意	比较同意	比较同意	比较同意	中立	比较同意	比较反对	比较反对	同意	比较反对	比较同意	反对	比较同意	同意	中立	比较同意	比较同意	比较同意	中立	同意	中立
2021/1/12 4:06	2021/1/12 4:08	IP Address	59.64.54.119	100	111	TRUE	2021/1/12 4:08	R_2yghnGDIrsZ14qx					24.31170654	109.3861084	anonymous	ZH-S	比较同意	同意	同意	比较同意	同意	比较同意	中立	比较同意	比较同意	同意	比较反对	比较反对	比较反对	比较反对	比较反对	反对	中立	中立	同意	同意	有点满意
2021/1/12 4:10	2021/1/12 4:12	IP Address	59.64.54.119	100	90	TRUE	2021/1/12 4:12	R_SZDO6qqYgP0aTlL					24.31170654	109.3861084	anonymous	ZH-S	中立	比较反对	中立	反对	中立	中立	比较反对	比较反对	中立	比较反对	比较同意	比较同意	比较反对	同意	中立	反对	比较反对	比较反对	中立	同意	有点不满意
2021/1/12 4:14	2021/1/12 4:15	IP Address	59.64.54.119	100	66	TRUE	2021/1/12 4:15	R_1HpjLMGkrSkARTu					24.31170654	109.3861084	anonymous	ZH-S	完全同意	完全同意	完全同意	完全同意	完全同意	完全同意	完全同意	完全同意	完全同意	同意	中立	比较反对	反对	比较反对	同意	比较反对	中立	中立	完全同意	同意	极为满意
2021/1/12 4:18	2021/1/12 4:19	IP Address	59.64.54.119	100	89	TRUE	2021/1/12 4:19	R_2QT0BxE22HG3crI					24.31170654	109.3861084	anonymous	ZH-S	中立	比较同意	中立	比较同意	中立	中立	比较反对	比较反对	比较反对	中立	同意	比较反对	中立	中立	中立	比较反对	反对	中立	比较同意	同意	中立
2021/1/12 4:38	2021/1/12 4:40	IP Address	219.142.99.14	100	83	TRUE	2021/1/12 4:40	R_2QX8R1qNbtt3i8m					39.92880249	116.3888855	anonymous	ZH-S	中立	同意	比较同意	中立	同意	比较同意	同意	同意	完全同意	同意	比较同意	中立	同意	比较同意	比较同意	比较反对	中立	比较反对	中立	同意	一般满意
2021/1/12 4:43	2021/1/12 4:44	IP Address	59.64.54.119	100	71	TRUE	2021/1/12 4:44	R_xruM28l0dikCRax					24.31170654	109.3861084	anonymous	ZH-S	中立	中立	中立	比较反对	中立	中立	反对	比较反对	中立	比较反对	中立	同意	比较同意	完全同意	比较反对	比较反对	比较同意	比较反对	比较反对	同意	有点不满意
2021/1/12 4:46	2021/1/12 4:47	IP Address	59.64.54.119	100	52	TRUE	2021/1/12 4:47	R_1QtJ4sVx1WGidWx					24.31170654	109.3861084	anonymous	ZH-S	中立	比较反对	中立	中立	中立	比较同意	反对	比较反对	比较反对	反对	反对	反对	中立	比较同意	反对	反对	比较反对	比较反对	比较同意	同意	中立
2021/1/12 4:50	2021/1/12 4:51	IP Address	59.64.54.119	100	48	TRUE	2021/1/12 4:51	R_1g1Mnq82DTme4nZ					24.31170654	109.3861084	anonymous	ZH-S	中立	同意	中立	比较同意	同意	同意	比较同意	同意	比较同意	比较同意	比较反对	比较反对	比较反对	反对	反对	比较反对	比较同意	比较同意	比较同意	同意	一般满意
2021/1/12 5:03	2021/1/12 5:04	IP Address	59.64.54.119	100	80	TRUE	2021/1/12 5:04	R_Tk3QmrnThtvAsJH					24.31170654	109.3861084	anonymous	ZH-S	比较反对	比较反对	比较反对	中立	比较同意	比较反对	反对	反对	比较反对	反对	反对	中立	比较反对	同意	比较同意	比较反对	比较同意	反对	比较同意	同意	中立
2021/1/12 5:07	2021/1/12 5:08	IP Address	59.64.54.119	100	63	TRUE	2021/1/12 5:08	R_1NfweWLEGwfUNAn					24.31170654	109.3861084	anonymous	ZH-S	比较反对	比较同意	中立	比较反对	比较同意	比较反对	反对	完全反对	反对	比较反对	比较反对	反对	比较反对	比较同意	中立	完全反对	比较反对	完全反对	中立	同意	一般不满意
2021/1/12 5:11	2021/1/12 5:11	IP Address	59.64.54.119	100	44	TRUE	2021/1/12 5:11	R_2TMIAr6W2c8Vg5l					24.31170654	109.3861084	anonymous	ZH-S	比较同意	比较同意	比较同意	同意	同意	同意	比较同意	同意	同意	比较同意	中立	比较反对	比较同意	中立	比较同意	比较同意	比较同意	比较反对	比较同意	同意	一般满意
2021/1/12 5:14	2021/1/12 5:14	IP Address	219.142.99.14	100	38	TRUE	2021/1/12 5:14	R_1BSehumX7DBUWL1					39.92880249	116.3888855	anonymous	ZH-S	同意	完全同意	同意	完全同意	完全同意	完全同意	完全同意	完全同意	完全同意	完全同意	比较同意	比较反对	中立	比较反对	同意	同意	比较同意	比较同意	完全同意	同意	极为满意
2021/1/12 5:40	2021/1/12 5:42	IP Address	59.64.54.119	100	82	TRUE	2021/1/12 5:42	R_2Uf39zZP0FY67Rn					24.31170654	109.3861084	anonymous	ZH-S	反对	反对	比较反对	比较反对	比较反对	比较同意	比较反对	完全反对	比较反对	反对	同意	中立	比较同意	完全同意	比较反对	比较反对	中立	比较反对	比较反对	同意	有点不满意
2021/1/12 5:44	2021/1/12 5:45	IP Address	59.64.54.119	100	64	TRUE	2021/1/12 5:45	R_1i8VzPWUojwBhvL					24.31170654	109.3861084	anonymous	ZH-S	反对	反对	反对	反对	反对	比较反对	中立	完全反对	反对	反对	完全同意	完全同意	中立	同意	反对	反对	完全反对	反对	反对	同意	一般不满意
2021/1/12 5:48	2021/1/12 5:49	IP Address	59.64.54.119	100	61	TRUE	2021/1/12 5:49	R_11XE1oQDC0EsJHH					24.31170654	109.3861084	anonymous	ZH-S	中立	比较反对	中立	中立	中立	中立	比较反对	比较反对	中立	比较反对	比较反对	中立	中立	中立	中立	比较反对	比较同意	比较同意	中立	同意	中立
2021/1/12 5:52	2021/1/12 5:53	IP Address	219.142.99.14	100	60	TRUE	2021/1/12 5:53	R_2rScnBF6qjMxMvH					39.92880249	116.3888855	anonymous	ZH-S	中立	中立	中立	比较同意	比较同意	同意	同意	比较同意	比较同意	比较同意	比较反对	中立	比较同意	中立	同意	比较反对	中立	中立	中立	同意	有点满意
2021/1/12 6:04	2021/1/12 6:05	IP Address	59.64.54.119	100	74	TRUE	2021/1/12 6:05	R_3J8HbsLLZq1YM6l					24.31170654	109.3861084	anonymous	ZH-S	反对	反对	反对	反对	反对	完全反对	比较反对	反对	中立	反对	比较同意	比较同意	比较同意	同意	反对	完全反对	反对	比较反对	反对	同意	有点不满意
2021/1/12 6:08	2021/1/12 6:09	IP Address	59.64.54.119	100	77	TRUE	2021/1/12 6:09	R_3lpdt6ltOsro4F3					24.31170654	109.3861084	anonymous	ZH-S	比较反对	比较反对	完全反对	比较反对	反对	比较反对	反对	反对	中立	比较反对	比较同意	同意	比较反对	比较同意	中立	完全反对	完全反对	中立	反对	同意	一般不满意
2021/1/12 6:11	2021/1/12 6:12	IP Address	59.64.54.119	100	60	TRUE	2021/1/12 6:12	R_0GPHAVkDhNxzYsx					24.31170654	109.3861084	anonymous	ZH-S	中立	反对	中立	比较反对	中立	比较同意	同意	比较同意	同意	同意	中立	比较同意	同意	反对	比较反对	反对	比较反对	中立	比较反对	同意	中立
2021/1/12 6:15	2021/1/12 6:16	IP Address	59.64.54.119	100	46	TRUE	2021/1/12 6:16	R_3mdwrSVovoVaTHe					24.31170654	109.3861084	anonymous	ZH-S	同意	比较同意	中立	比较同意	比较同意	比较同意	同意	同意	同意	同意	同意	比较同意	同意	中立	比较反对	比较同意	中立	中立	比较同意	同意	有点满意
2021/1/12 6:47	2021/1/12 6:48	IP Address	59.64.54.119	100	105	TRUE	2021/1/12 6:48	R_3ltwHIGY03565TC					24.31170654	109.3861084	anonymous	ZH-S	中立	中立	中立	比较同意	中立	比较同意	反对	比较反对	比较反对	比较反对	比较反对	反对	比较同意	比较反对	比较反对	反对	比较反对	比较反对	中立	同意	有点不满意
2021/1/12 6:51	2021/1/12 6:52	IP Address	59.64.54.119	100	72	TRUE	2021/1/12 6:52	R_3HRFUOkqnselk5J					24.31170654	109.3861084	anonymous	ZH-S	同意	完全同意	完全同意	完全同意	完全同意	同意	中立	比较同意	比较反对	比较同意	比较反对	比较反对	反对	比较反对	比较反对	比较同意	比较同意	同意	同意	同意	一般满意
2021/1/12 6:55	2021/1/12 6:56	IP Address	59.64.54.119	100	80	TRUE	2021/1/12 6:56	R_3HjJwuujRFZhZ8k					24.31170654	109.3861084	anonymous	ZH-S	比较同意	同意	比较同意	比较同意	同意	同意	同意	同意	比较同意	完全同意	比较反对	反对	同意	中立	比较同意	比较反对	比较同意	中立	比较同意	同意	一般满意
2021/1/12 6:59	2021/1/12 7:00	IP Address	59.64.54.119	100	99	TRUE	2021/1/12 7:00	R_2Cv9dfwlp0mZxfn					24.31170654	109.3861084	anonymous	ZH-S	反对	完全反对	中立	完全反对	比较反对	比较反对	比较反对	反对	比较反对	反对	比较反对	比较同意	比较同意	比较同意	反对	反对	比较反对	中立	反对	同意	中立
2021/1/12 17:45	2021/1/12 17:46	IP Address	59.64.54.119	100	73	TRUE	2021/1/12 17:46	R_24BgnXUdmB9JL6g					24.31170654	109.3861084	anonymous	ZH-S	反对	完全反对	完全反对	反对	完全反对	反对	反对	完全反对	完全反对	完全反对	比较反对	同意	中立	比较反对	反对	完全反对	反对	反对	比较反对	同意	一般不满意
2021/1/12 17:49	2021/1/12 17:50	IP Address	59.64.54.119	100	84	TRUE	2021/1/12 17:50	R_w4ZDcV5EozoQMlr					24.31170654	109.3861084	anonymous	ZH-S	比较同意	中立	比较反对	比较同意	比较同意	同意	比较同意	比较同意	比较同意	同意	同意	比较反对	比较同意	比较反对	中立	中立	比较同意	中立	同意	同意	有点满意
2021/1/12 17:53	2021/1/12 17:54	IP Address	59.64.54.119	100	76	TRUE	2021/1/12 17:54	R_R9yVlXJi3Dq4JdT					24.31170654	109.3861084	anonymous	ZH-S	完全反对	反对	比较反对	中立	中立	比较反对	中立	反对	比较反对	比较反对	同意	同意	完全同意	完全同意	完全反对	完全反对	比较同意	完全反对	比较反对	同意	中立
2021/1/12 17:57	2021/1/12 17:58	IP Address	59.64.54.119	100	73	TRUE	2021/1/12 17:58	R_3iPa4II66bJNQDK					24.31170654	109.3861084	anonymous	ZH-S	同意	同意	同意	同意	同意	比较同意	比较同意	比较反对	比较反对	比较同意	比较反对	反对	反对	反对	比较同意	比较同意	同意	同意	比较同意	同意	一般满意
2021/1/12 18:15	2021/1/12 18:17	IP Address	59.64.54.119	100	119	TRUE	2021/1/12 18:17	R_qOg32cDSbFoCZHz					24.31170654	109.3861084	anonymous	ZH-S	比较反对	比较反对	中立	反对	比较反对	比较反对	中立	中立	中立	中立	同意	同意	比较同意	比较同意	比较反对	比较反对	比较反对	反对	中立	同意	中立
2021/1/12 18:19	2021/1/12 18:21	IP Address	59.64.54.119	100	88	TRUE	2021/1/12 18:21	R_1qb1cwPcZZiMsMc					24.31170654	109.3861084	anonymous	ZH-S	反对	比较同意	中立	反对	比较反对	中立	中立	中立	比较同意	比较同意	同意	同意	同意	同意	比较反对	中立	比较反对	比较反对	比较反对	同意	中立
2021/1/12 18:24	2021/1/12 18:25	IP Address	59.64.54.119	100	80	TRUE	2021/1/12 18:25	R_1mepjljIf26DrHg					24.31170654	109.3861084	anonymous	ZH-S	反对	反对	比较反对	反对	反对	比较反对	反对	中立	比较反对	比较反对	完全同意	完全同意	同意	完全同意	反对	比较反对	反对	完全反对	反对	同意	一般不满意
2021/1/12 18:28	2021/1/12 18:29	IP Address	59.64.54.119	100	92	TRUE	2021/1/12 18:29	R_2R333KFoBBcUdqI					24.31170654	109.3861084	anonymous	ZH-S	比较反对	中立	比较同意	比较同意	比较同意	比较同意	比较同意	比较同意	完全同意	同意	比较同意	中立	同意	比较同意	比较反对	比较反对	比较反对	比较反对	中立	同意	有点满意
2021/1/12 18:42	2021/1/12 18:43	IP Address	59.64.54.119	100	58	TRUE	2021/1/12 18:43	R_QgrjwYtzfIx5kuR					24.31170654	109.3861084	anonymous	ZH-S	同意	同意	比较同意	比较同意	同意	同意	同意	中立	同意	同意	同意	同意	同意	比较同意	同意	比较反对	中立	比较同意	中立	同意	一般满意
2021/1/12 18:46	2021/1/12 18:47	IP Address	59.64.54.119	100	60	TRUE	2021/1/12 18:47	R_bQHjha0sz8Q4KbL					24.31170654	109.3861084	anonymous	ZH-S	比较同意	比较同意	反对	中立	比较同意	中立	中立	比较反对	中立	中立	比较同意	中立	中立	中立	反对	反对	比较反对	比较反对	反对	同意	中立
2021/1/12 18:50	2021/1/12 18:50	IP Address	59.64.54.119	100	52	TRUE	2021/1/12 18:50	R_3dFb6Dhks3LCUCO					24.31170654	109.3861084	anonymous	ZH-S	比较反对	反对	反对	反对	比较反对	中立	反对	反对	反对	比较反对	同意	同意	中立	同意	反对	反对	反对	反对	比较反对	同意	有点不满意
2021/1/12 18:53	2021/1/12 18:54	IP Address	59.64.54.119	100	39	TRUE	2021/1/12 18:54	R_1jqbsk04KUUrW56					24.31170654	109.3861084	anonymous	ZH-S	反对	反对	反对	反对	比较反对	中立	反对	反对	反对	反对	中立	同意	中立	中立	反对	反对	反对	反对	反对	同意	有点不满意
2021/1/12 19:09	2021/1/12 19:09	IP Address	59.64.54.119	100	55	TRUE	2021/1/12 19:09	R_3OcsqXKosTcCKnN					24.31170654	109.3861084	anonymous	ZH-S	中立	比较反对	比较反对	中立	中立	中立	同意	比较同意	比较反对	比较同意	同意	比较反对	比较同意	同意	比较反对	中立	比较反对	比较反对	中立	同意	有点满意
2021/1/12 19:12	2021/1/12 19:13	IP Address	59.64.54.119	100	56	TRUE	2021/1/12 19:13	R_BrzFs5h2LvWYqyJ					24.31170654	109.3861084	anonymous	ZH-S	中立	中立	比较反对	中立	中立	比较反对	比较反对	中立	同意	同意	比较反对	比较同意	比较反对	比较反对	中立	比较反对	比较反对	比较反对	中立	同意	中立
2021/1/12 19:16	2021/1/12 19:16	IP Address	59.64.54.119	100	39	TRUE	2021/1/12 19:16	R_s7HoiXhYMnX897b					24.31170654	109.3861084	anonymous	ZH-S	比较反对	比较反对	比较反对	比较反对	比较反对	比较反对	比较反对	比较反对	比较反对	比较反对	同意	同意	中立	同意	比较反对	比较反对	比较反对	比较反对	比较反对	同意	有点不满意
2021/1/12 19:19	2021/1/12 19:20	IP Address	59.64.54.119	100	40	TRUE	2021/1/12 19:20	R_21tYSMHhjj7NcjB					24.31170654	109.3861084	anonymous	ZH-S	比较反对	比较反对	比较反对	中立	比较反对	比较反对	比较反对	比较反对	中立	中立	中立	比较同意	同意	中立	比较反对	中立	比较反对	比较反对	比较反对	同意	中立
2021/1/12 19:49	2021/1/12 19:50	IP Address	59.64.54.119	100	72	TRUE	2021/1/12 19:50	R_246sXZAjOnhDQMK					24.31170654	109.3861084	anonymous	ZH-S	比较反对	中立	中立	比较反对	比较同意	比较反对	比较反对	中立	比较同意	中立	中立	中立	比较同意	比较同意	中立	中立	比较反对	比较反对	比较反对	同意	中立
2021/1/12 19:53	2021/1/12 19:54	IP Address	59.64.54.119	100	63	TRUE	2021/1/12 19:54	R_3O6SOOA1tVkRFwa					24.31170654	109.3861084	anonymous	ZH-S	比较反对	比较反对	比较反对	比较反对	比较反对	中立	比较反对	比较反对	比较反对	比较反对	比较反对	比较反对	中立	中立	比较反对	比较同意	比较反对	比较反对	比较反对	同意	有点满意
2021/1/12 19:57	2021/1/12 19:58	IP Address	59.64.54.119	100	60	TRUE	2021/1/12 19:58	R_2SJCZCsXCZdj93f					24.31170654	109.3861084	anonymous	ZH-S	比较反对	比较反对	中立	中立	比较反对	比较反对	比较反对	比较反对	中立	比较反对	中立	比较同意	比较同意	中立	比较反对	比较反对	比较反对	比较反对	比较反对	同意	有点不满意
2021/1/12 20:01	2021/1/12 20:02	IP Address	59.64.54.119	100	55	TRUE	2021/1/12 20:02	R_cZ2j2UjcjVYisG5					24.31170654	109.3861084	anonymous	ZH-S	中立	比较反对	比较反对	中立	比较反对	比较反对	比较反对	比较反对	比较反对	比较反对	比较反对	比较反对	比较反对	比较反对	比较反对	比较反对	比较反对	中立	中立	同意	有点满意
2021/1/12 20:14	2021/1/12 20:16	IP Address	59.64.54.119	100	127	TRUE	2021/1/12 20:16	R_2aQromAzVrGpfGE					24.31170654	109.3861084	anonymous	ZH-S	反对	比较反对	比较反对	比较同意	反对	中立	中立	比较同意	比较同意	中立	比较同意	比较反对	比较同意	比较反对	中立	比较同意	同意	比较反对	比较同意	同意	中立
2021/1/12 20:19	2021/1/12 20:20	IP Address	59.64.54.119	100	97	TRUE	2021/1/12 20:20	R_2Euiwe04i0yK68b					24.31170654	109.3861084	anonymous	ZH-S	反对	反对	反对	反对	反对	中立	中立	中立	比较同意	比较反对	比较同意	同意	同意	比较同意	比较反对	比较反对	中立	反对	反对	同意	有点不满意
2021/1/12 20:24	2021/1/12 20:25	IP Address	59.64.54.119	100	86	TRUE	2021/1/12 20:25	R_3ez4zg9Mxhbu5Tu					24.31170654	109.3861084	anonymous	ZH-S	比较同意	比较同意	比较同意	比较同意	比较同意	同意	同意	同意	同意	同意	比较同意	比较反对	同意	中立	比较同意	比较同意	比较同意	中立	同意	同意	有点满意
2021/1/12 20:28	2021/1/12 20:29	IP Address	59.64.54.119	100	96	TRUE	2021/1/12 20:29	R_1eCCjePlIpDfNY2					24.31170654	109.3861084	anonymous	ZH-S	反对	反对	反对	比较反对	反对	比较反对	比较同意	比较反对	比较同意	反对	完全同意	同意	同意	同意	比较反对	中立	比较同意	反对	反对	同意	一般不满意
2021/1/12 20:43	2021/1/12 20:45	IP Address	59.64.54.119	100	103	TRUE	2021/1/12 20:45	R_1eCSAoQxiTUUBrA					24.31170654	109.3861084	anonymous	ZH-S	比较同意	中立	比较同意	比较同意	同意	中立	中立	比较反对	中立	中立	反对	反对	比较反对	中立	比较反对	中立	中立	中立	比较反对	同意	中立
2021/1/12 20:47	2021/1/12 20:48	IP Address	59.64.54.119	100	64	TRUE	2021/1/12 20:48	R_3HowALLkpb62dRi					24.31170654	109.3861084	anonymous	ZH-S	中立	中立	比较同意	比较同意	比较同意	比较同意	中立	比较同意	同意	比较同意	中立	反对	反对	完全反对	比较同意	中立	中立	同意	中立	同意	有点满意
2021/1/12 20:51	2021/1/12 20:52	IP Address	59.64.54.119	100	59	TRUE	2021/1/12 20:52	R_1OZizWXBsFzMeq2					24.31170654	109.3861084	anonymous	ZH-S	反对	反对	完全反对	比较反对	比较反对	中立	反对	比较反对	反对	反对	比较反对	中立	中立	比较同意	反对	比较反对	反对	完全反对	反对	同意	一般不满意
2021/1/12 20:54	2021/1/12 20:55	IP Address	59.64.54.119	100	59	TRUE	2021/1/12 20:55	R_2SHp6ws40bJHGM4					24.31170654	109.3861084	anonymous	ZH-S	中立	比较反对	比较同意	比较同意	比较同意	比较同意	比较同意	同意	中立	比较同意	比较同意	比较反对	比较同意	比较反对	中立	中立	比较反对	中立	比较同意	同意	一般满意
2021/1/12 22:10	2021/1/12 22:12	IP Address	59.64.54.119	100	118	TRUE	2021/1/12 22:12	R_3iQILNyS6dZ3f1x					24.31170654	109.3861084	anonymous	ZH-S	中立	比较反对	比较同意	比较同意	比较同意	比较反对	比较同意	中立	中立	比较反对	反对	反对	比较反对	中立	反对	比较同意	比较反对	反对	比较反对	同意	有点满意
2021/1/12 22:14	2021/1/12 22:15	IP Address	59.64.54.119	100	66	TRUE	2021/1/12 22:15	R_1QfRHLVgAuRzOUF					24.31170654	109.3861084	anonymous	ZH-S	比较同意	同意	同意	比较同意	同意	完全同意	同意	同意	同意	同意	反对	反对	中立	反对	比较同意	同意	比较同意	同意	同意	同意	极为满意
2021/1/12 22:18	2021/1/12 22:19	IP Address	59.64.54.119	100	85	TRUE	2021/1/12 22:19	R_qDew5tIyi1ylDZT					24.31170654	109.3861084	anonymous	ZH-S	完全反对	反对	反对	比较反对	比较反对	反对	完全反对	反对	反对	反对	比较同意	比较同意	同意	同意	反对	比较反对	反对	反对	完全反对	同意	一般不满意
2021/1/12 22:22	2021/1/12 22:24	IP Address	59.64.54.119	100	88	TRUE	2021/1/12 22:24	R_2tDqTaCJ7TDJgyK					24.31170654	109.3861084	anonymous	ZH-S	比较反对	反对	比较反对	比较反对	反对	比较反对	反对	反对	反对	反对	比较同意	中立	中立	比较同意	反对	比较反对	比较反对	完全反对	反对	同意	中立
2021/1/12 22:34	2021/1/12 22:35	IP Address	59.64.54.119	100	70	TRUE	2021/1/12 22:35	R_1qUjPk36zQW1lFh					24.31170654	109.3861084	anonymous	ZH-S	比较同意	同意	比较同意	比较同意	比较同意	比较同意	同意	同意	同意	同意	中立	比较同意	同意	中立	中立	比较同意	比较同意	比较同意	同意	同意	一般满意
2021/1/12 22:38	2021/1/12 22:39	IP Address	59.64.54.119	100	69	TRUE	2021/1/12 22:39	R_2Ui1PJvGmg1RVHu					24.31170654	109.3861084	anonymous	ZH-S	比较同意	比较同意	比较同意	比较同意	比较同意	比较反对	中立	中立	中立	比较同意	中立	比较反对	比较反对	比较同意	中立	比较反对	反对	比较反对	比较反对	同意	中立
2021/1/12 22:42	2021/1/12 22:43	IP Address	59.64.54.119	100	59	TRUE	2021/1/12 22:43	R_2xDJ11qUn9pWJAB					24.31170654	109.3861084	anonymous	ZH-S	比较反对	反对	中立	中立	比较同意	中立	比较反对	中立	比较同意	比较反对	中立	比较反对	比较同意	比较反对	比较反对	反对	反对	反对	比较反对	同意	中立
2021/1/12 22:45	2021/1/12 22:46	IP Address	59.64.54.119	100	61	TRUE	2021/1/12 22:46	R_2rH3gugyLX4ttr1					24.31170654	109.3861084	anonymous	ZH-S	比较同意	比较同意	比较同意	比较反对	比较同意	比较反对	反对	中立	比较反对	比较同意	比较反对	中立	反对	比较同意	比较同意	中立	比较反对	反对	反对	同意	有点不满意
2021/1/12 23:02	2021/1/12 23:03	IP Address	59.64.54.119	100	85	TRUE	2021/1/12 23:03	R_ul83cKN5kXpbW4V					24.31170654	109.3861084	anonymous	ZH-S	反对	反对	比较反对	中立	比较同意	中立	反对	反对	比较反对	同意	反对	反对	中立	反对	反对	反对	中立	中立	反对	同意	中立
2021/1/12 23:06	2021/1/12 23:07	IP Address	59.64.54.119	100	82	TRUE	2021/1/12 23:07	R_d753hQ3VMkVQC7T					24.31170654	109.3861084	anonymous	ZH-S	中立	反对	中立	反对	比较同意	同意	同意	中立	同意	中立	反对	比较反对	同意	比较同意	中立	中立	比较反对	比较同意	反对	同意	有点满意
2021/1/12 23:10	2021/1/12 23:11	IP Address	59.64.54.119	100	73	TRUE	2021/1/12 23:11	R_1lzxAHw3Bu4HF22					24.31170654	109.3861084	anonymous	ZH-S	比较同意	比较同意	同意	比较同意	同意	同意	比较同意	中立	完全同意	完全同意	反对	反对	同意	反对	完全同意	中立	比较反对	比较反对	中立	同意	一般满意
2021/1/12 23:13	2021/1/12 23:14	IP Address	59.64.54.119	100	58	TRUE	2021/1/12 23:14	R_2YR32c56d96pFLa					24.31170654	109.3861084	anonymous	ZH-S	同意	同意	同意	同意	同意	同意	同意	中立	比较同意	中立	反对	完全反对	反对	反对	同意	中立	反对	比较同意	同意	同意	一般满意
2021/1/12 23:41	2021/1/12 23:42	IP Address	59.64.54.119	100	73	TRUE	2021/1/12 23:42	R_2w7GMxWYuQ734yY					24.31170654	109.3861084	anonymous	ZH-S	反对	中立	反对	反对	比较反对	比较同意	比较同意	比较反对	中立	中立	比较反对	比较反对	同意	比较反对	比较同意	反对	反对	中立	比较反对	同意	中立
2021/1/12 23:45	2021/1/12 23:46	IP Address	59.64.54.119	100	72	TRUE	2021/1/12 23:46	R_3gXiGWmU8q47VQ8					24.31170654	109.3861084	anonymous	ZH-S	完全反对	反对	比较反对	比较反对	完全反对	完全反对	反对	反对	完全反对	完全反对	完全反对	完全反对	比较反对	完全同意	反对	比较同意	比较同意	完全反对	完全反对	同意	一般不满意
2021/1/12 23:49	2021/1/12 23:49	IP Address	59.64.54.119	100	59	TRUE	2021/1/12 23:49	R_2zAU8xb8uBpR6G6					24.31170654	109.3861084	anonymous	ZH-S	中立	比较同意	同意	同意	同意	完全同意	完全同意	完全同意	同意	完全同意	比较同意	比较反对	同意	比较反对	比较同意	中立	比较同意	比较同意	比较同意	同意	一般满意
2021/1/12 23:52	2021/1/12 23:53	IP Address	59.64.54.119	100	65	TRUE	2021/1/12 23:53	R_3NUiov3aZTd9Bps					24.31170654	109.3861084	anonymous	ZH-S	中立	中立	中立	中立	中立	比较同意	中立	反对	比较反对	比较反对	比较同意	同意	比较同意	同意	比较反对	中立	比较同意	中立	比较反对	同意	中立
2021/1/13 0:12	2021/1/13 0:13	IP Address	59.64.54.119	100	96	TRUE	2021/1/13 0:13	R_1fko9e5Jk2I2ET7					24.31170654	109.3861084	anonymous	ZH-S	比较反对	中立	比较反对	中立	比较同意	中立	反对	比较反对	反对	比较反对	比较同意	中立	比较同意	反对	反对	反对	比较反对	比较反对	比较同意	同意	中立
2021/1/13 0:16	2021/1/13 0:17	IP Address	59.64.54.119	100	68	TRUE	2021/1/13 0:17	R_1FPutpa3sdOmWNt					24.31170654	109.3861084	anonymous	ZH-S	反对	反对	完全反对	反对	反对	反对	完全反对	比较反对	反对	反对	中立	同意	中立	同意	中立	反对	比较反对	反对	反对	同意	一般不满意
2021/1/13 0:20	2021/1/13 0:21	IP Address	59.64.54.119	100	47	TRUE	2021/1/13 0:21	R_1MW1skYUSp5i2pC					24.31170654	109.3861084	anonymous	ZH-S	比较反对	反对	反对	完全反对	反对	反对	反对	比较反对	比较反对	反对	完全同意	同意	中立	完全同意	比较反对	反对	反对	反对	完全反对	同意	极不满意
2021/1/13 0:23	2021/1/13 0:24	IP Address	59.64.54.119	100	56	TRUE	2021/1/13 0:24	R_3sBlTz3PmC790d0					24.31170654	109.3861084	anonymous	ZH-S	比较同意	中立	比较反对	比较同意	比较同意	比较同意	同意	比较同意	比较同意	比较同意	比较同意	反对	同意	中立	中立	反对	中立	比较反对	中立	同意	有点满意
2021/1/13 1:12	2021/1/13 1:13	IP Address	59.64.54.119	100	51	TRUE	2021/1/13 1:13	R_2sbe6URRMSipPDn					24.31170654	109.3861084	anonymous	ZH-S	中立	同意	同意	同意	同意	比较同意	比较同意	比较同意	同意	同意	比较反对	比较同意	中立	反对	同意	中立	比较同意	中立	比较同意	同意	一般满意
2021/1/13 1:15	2021/1/13 1:16	IP Address	59.64.54.119	100	48	TRUE	2021/1/13 1:16	R_31hY5TetMtqDRMk					24.31170654	109.3861084	anonymous	ZH-S	比较同意	比较同意	中立	同意	比较同意	同意	同意	完全同意	同意	同意	比较同意	同意	同意	比较同意	同意	比较同意	中立	比较同意	中立	同意	一般满意
2021/1/13 1:19	2021/1/13 1:20	IP Address	59.64.54.119	100	54	TRUE	2021/1/13 1:20	R_3Pzz6E2UHxkpsit					24.31170654	109.3861084	anonymous	ZH-S	比较反对	比较反对	中立	比较反对	中立	反对	比较反对	比较反对	中立	比较反对	反对	中立	比较反对	中立	比较反对	比较反对	反对	中立	中立	同意	有点不满意
2021/1/13 1:22	2021/1/13 1:24	IP Address	59.64.54.119	100	104	TRUE	2021/1/13 1:24	R_2PbPXXqBCWosMrd					24.31170654	109.3861084	anonymous	ZH-S	中立	同意	比较同意	比较同意	比较同意	比较同意	比较同意	同意	同意	同意	比较反对	比较同意	比较反对	比较同意	比较反对	同意	中立	比较同意	中立	同意	有点满意
2021/1/13 1:37	2021/1/13 1:38	IP Address	59.64.54.119	100	87	TRUE	2021/1/13 1:39	R_1ghi38v86duK1RW					24.31170654	109.3861084	anonymous	ZH-S	比较同意	同意	同意	同意	比较同意	比较同意	中立	比较同意	完全同意	比较反对	同意	中立	同意	同意	比较反对	比较反对	反对	比较反对	比较同意	同意	有点满意
2021/1/13 1:41	2021/1/13 1:42	IP Address	59.64.54.119	100	73	TRUE	2021/1/13 1:42	R_cI2dAVR3YdiqyYN					24.31170654	109.3861084	anonymous	ZH-S	比较同意	比较反对	比较同意	比较反对	反对	比较同意	中立	比较反对	比较反对	比较反对	完全同意	同意	比较同意	完全同意	反对	反对	反对	比较反对	反对	同意	有点不满意
2021/1/13 1:45	2021/1/13 1:46	IP Address	59.64.54.119	100	83	TRUE	2021/1/13 1:46	R_12RSv6jxdIQFlCF					24.31170654	109.3861084	anonymous	ZH-S	比较同意	比较同意	比较同意	比较同意	比较同意	同意	同意	比较同意	同意	比较同意	比较反对	比较反对	中立	中立	比较反对	反对	中立	中立	中立	同意	一般满意
2021/1/13 1:49	2021/1/13 1:50	IP Address	59.64.54.119	100	76	TRUE	2021/1/13 1:50	R_10xdE3XxeTH7oe0					24.31170654	109.3861084	anonymous	ZH-S	比较同意	同意	完全同意	比较同意	同意	比较同意	反对	比较反对	比较同意	反对	比较反对	比较同意	比较反对	中立	比较反对	比较反对	比较反对	中立	中立	同意	一般满意
2021/1/13 2:02	2021/1/13 2:03	IP Address	59.64.54.119	100	64	TRUE	2021/1/13 2:03	R_2B51daUO7bzg0Yv					24.31170654	109.3861084	anonymous	ZH-S	比较反对	比较反对	中立	中立	比较反对	中立	中立	比较反对	中立	比较反对	中立	比较同意	比较同意	中立	中立	比较反对	比较反对	比较反对	中立	同意	有点不满意
2021/1/13 2:05	2021/1/13 2:06	IP Address	59.64.54.119	100	51	TRUE	2021/1/13 2:06	R_3qwBqaoiaKUDZSa					24.31170654	109.3861084	anonymous	ZH-S	中立	中立	比较同意	中立	中立	中立	中立	比较反对	中立	中立	中立	比较同意	比较同意	中立	比较反对	比较反对	比较反对	比较反对	比较反对	同意	中立
2021/1/13 2:09	2021/1/13 2:10	IP Address	59.64.54.119	100	47	TRUE	2021/1/13 2:10	R_Df7MBRvdV448DiV					24.31170654	109.3861084	anonymous	ZH-S	比较同意	同意	比较同意	同意	同意	同意	同意	比较同意	比较同意	同意	中立	中立	比较反对	比较反对	同意	中立	中立	同意	比较同意	同意	一般满意
2021/1/13 2:12	2021/1/13 2:13	IP Address	59.64.54.119	100	65	TRUE	2021/1/13 2:13	R_3sjLAp7Wzd4wZKK					24.31170654	109.3861084	anonymous	ZH-S	中立	比较反对	比较反对	比较同意	中立	中立	比较反对	中立	中立	中立	比较反对	中立	中立	比较反对	比较反对	比较同意	中立	比较反对	中立	同意	有点满意
2021/1/13 2:38	2021/1/13 2:39	IP Address	59.64.54.119	100	59	TRUE	2021/1/13 2:39	R_2w7BkjeMTJ3Tw5m					24.31170654	109.3861084	anonymous	ZH-S	比较反对	反对	比较反对	反对	反对	比较反对	比较同意	反对	反对	反对	中立	同意	中立	同意	完全反对	完全反对	反对	完全反对	反对	同意	一般不满意
2021/1/13 2:42	2021/1/13 2:43	IP Address	59.64.54.119	100	50	TRUE	2021/1/13 2:43	R_3PzQwKsjVX6JVZ8					24.31170654	109.3861084	anonymous	ZH-S	比较同意	比较同意	比较同意	比较同意	比较同意	比较同意	比较同意	比较同意	比较同意	中立	比较反对	比较反对	比较同意	中立	比较同意	比较同意	中立	比较同意	比较同意	同意	有点满意
2021/1/13 2:46	2021/1/13 2:47	IP Address	59.64.54.119	100	59	TRUE	2021/1/13 2:47	R_ULvQiQrybsEAx1f					24.31170654	109.3861084	anonymous	ZH-S	比较同意	同意	比较同意	比较同意	比较同意	同意	同意	比较同意	比较同意	同意	完全反对	完全反对	反对	完全反对	同意	同意	同意	同意	比较同意	同意	一般满意
2021/1/13 2:49	2021/1/13 2:50	IP Address	59.64.54.119	100	50	TRUE	2021/1/13 2:50	R_uh8D3ALtPs6O7br					24.31170654	109.3861084	anonymous	ZH-S	反对	反对	中立	反对	比较反对	中立	比较同意	反对	比较同意	比较反对	反对	中立	比较同意	比较反对	反对	比较反对	反对	完全反对	中立	同意	中立
2021/1/13 3:18	2021/1/13 3:20	IP Address	59.64.54.119	100	108	TRUE	2021/1/13 3:20	R_CmlGK27N2Sa96QF					24.31170654	109.3861084	anonymous	ZH-S	中立	比较同意	比较反对	比较同意	比较同意	比较同意	比较反对	比较反对	比较同意	比较同意	比较反对	比较反对	比较同意	比较反对	比较反对	反对	反对	比较反对	中立	同意	有点满意
2021/1/13 3:22	2021/1/13 3:25	IP Address	59.64.54.119	100	146	TRUE	2021/1/13 3:25	R_1kHAOf7fY8v9nTr					24.31170654	109.3861084	anonymous	ZH-S	中立	中立	比较反对	中立	比较同意	中立	比较反对	比较反对	比较同意	反对	比较同意	同意	比较反对	比较反对	比较反对	完全反对	反对	反对	中立	同意	有点不满意
2021/1/13 3:27	2021/1/13 3:29	IP Address	219.142.99.14	100	70	TRUE	2021/1/13 3:29	R_2afPbu7pWYmbTlR					39.92880249	116.3888855	anonymous	ZH-S	反对	反对	反对	反对	反对	反对	比较反对	反对	比较反对	反对	比较同意	比较同意	比较同意	同意	反对	反对	反对	反对	反对	同意	一般不满意
2021/1/13 3:31	2021/1/13 3:32	IP Address	59.64.54.119	100	65	TRUE	2021/1/13 3:32	R_Y9wPuwNo7D9fmBH					24.31170654	109.3861084	anonymous	ZH-S	比较同意	比较同意	比较同意	中立	比较同意	比较同意	中立	比较同意	比较同意	比较同意	比较反对	中立	比较同意	中立	比较反对	比较反对	比较反对	比较反对	中立	同意	中立
2021/1/13 3:44	2021/1/13 3:46	IP Address	59.64.54.119	100	105	TRUE	2021/1/13 3:46	R_5mSW5W6Z9ade1iN					24.31170654	109.3861084	anonymous	ZH-S	中立	同意	中立	同意	比较同意	比较同意	中立	比较同意	同意	比较同意	反对	反对	同意	比较反对	同意	同意	中立	中立	同意	同意	一般满意
2021/1/13 3:48	2021/1/13 3:49	IP Address	59.64.54.119	100	50	TRUE	2021/1/13 3:49	R_2SrvnDNf7aWAYms					24.31170654	109.3861084	anonymous	ZH-S	反对	反对	反对	反对	反对	反对	反对	反对	反对	反对	反对	反对	反对	反对	反对	同意	中立	反对	反对	同意	中立
2021/1/13 3:52	2021/1/13 3:53	IP Address	59.64.54.119	100	46	TRUE	2021/1/13 3:53	R_32PfvIxMFf9ssLv					24.31170654	109.3861084	anonymous	ZH-S	完全同意	完全同意	完全同意	完全同意	完全同意	完全同意	完全同意	完全同意	完全同意	完全同意	完全反对	完全反对	完全反对	完全反对	同意	完全同意	完全同意	完全同意	完全同意	同意	极为满意
2021/1/13 3:56	2021/1/13 3:56	IP Address	59.64.54.119	100	41	TRUE	2021/1/13 3:56	R_2CfF6hndo7lE1wq					24.31170654	109.3861084	anonymous	ZH-S	反对	反对	反对	反对	反对	反对	反对	反对	反对	反对	反对	中立	中立	反对	反对	中立	反对	反对	反对	同意	中立
2021/1/13 4:14	2021/1/13 4:15	IP Address	59.64.54.119	100	73	TRUE	2021/1/13 4:15	R_qQ7H0ceXqcRuB45					24.31170654	109.3861084	anonymous	ZH-S	反对	完全反对	比较反对	反对	完全反对	中立	比较反对	比较反对	中立	完全反对	完全同意	比较同意	同意	完全同意	完全反对	比较反对	比较反对	反对	反对	同意	有点不满意
2021/1/13 4:18	2021/1/13 4:19	IP Address	59.64.54.119	100	72	TRUE	2021/1/13 4:19	R_2bZUCXQwZic2qll					24.31170654	109.3861084	anonymous	ZH-S	比较同意	同意	比较同意	完全同意	同意	同意	同意	比较同意	同意	同意	中立	反对	比较同意	比较同意	比较反对	反对	同意	同意	比较同意	同意	一般满意
2021/1/13 4:22	2021/1/13 4:23	IP Address	59.64.54.119	100	77	TRUE	2021/1/13 4:23	R_2as2fNpPbehwaF9					24.31170654	109.3861084	anonymous	ZH-S	比较同意	同意	比较同意	同意	同意	比较反对	比较同意	比较反对	比较反对	比较反对	比较反对	反对	同意	反对	完全反对	反对	反对	反对	同意	同意	有点满意
2021/1/13 4:26	2021/1/13 4:27	IP Address	59.64.54.119	100	52	TRUE	2021/1/13 4:27	R_3lyRxzHIOf3D8oL					24.31170654	109.3861084	anonymous	ZH-S	比较同意	同意	同意	同意	同意	同意	比较同意	比较同意	同意	比较同意	中立	反对	比较同意	反对	比较反对	比较反对	比较同意	比较同意	同意	同意	一般满意
2021/1/13 4:45	2021/1/13 4:47	IP Address	59.64.54.119	100	96	TRUE	2021/1/13 4:47	R_27pcdOWOPEQQyRH					24.31170654	109.3861084	anonymous	ZH-S	中立	反对	反对	比较反对	反对	中立	比较反对	反对	比较同意	完全反对	比较反对	完全反对	比较同意	中立	比较反对	反对	比较反对	完全反对	反对	同意	一般不满意
2021/1/13 4:49	2021/1/13 4:51	IP Address	59.64.54.119	100	76	TRUE	2021/1/13 4:51	R_2vcfQX2I9zZt4Yt					24.31170654	109.3861084	anonymous	ZH-S	比较反对	比较反对	比较同意	比较反对	比较反对	比较同意	同意	中立	比较同意	比较同意	中立	反对	中立	同意	比较反对	中立	中立	比较同意	比较同意	同意	中立
2021/1/13 4:54	2021/1/13 4:55	IP Address	59.64.54.119	100	64	TRUE	2021/1/13 4:55	R_1GIeygr69hYu069					24.31170654	109.3861084	anonymous	ZH-S	完全同意	比较反对	完全同意	同意	完全同意	比较同意	比较反对	同意	比较同意	完全同意	反对	中立	比较反对	完全反对	中立	比较反对	中立	完全同意	同意	同意	一般满意
2021/1/13 4:57	2021/1/13 4:58	IP Address	59.64.54.119	100	56	TRUE	2021/1/13 4:58	R_32LyqTNfh6mr6TE					24.31170654	109.3861084	anonymous	ZH-S	反对	完全反对	完全反对	完全反对	完全反对	反对	同意	完全反对	同意	比较同意	完全同意	同意	同意	完全同意	完全反对	完全反对	完全反对	完全反对	反对	同意	极不满意
2021/1/13 5:12	2021/1/13 5:13	IP Address	59.64.54.119	100	64	TRUE	2021/1/13 5:13	R_2DNZlDSlDqjwNrg					24.31170654	109.3861084	anonymous	ZH-S	中立	比较反对	比较同意	中立	中立	中立	中立	比较同意	中立	中立	比较同意	比较同意	比较同意	反对	比较同意	反对	反对	中立	比较同意	同意	中立
2021/1/13 5:22	2021/1/13 5:23	IP Address	59.64.54.119	100	66	TRUE	2021/1/13 5:23	R_3sid4BjydQvmZ3h					24.31170654	109.3861084	anonymous	ZH-S	中立	比较反对	中立	中立	比较同意	比较同意	比较同意	比较同意	中立	中立	中立	比较同意	比较同意	比较反对	中立	中立	中立	中立	中立	同意	中立
2021/1/13 5:25	2021/1/13 5:26	IP Address	59.64.54.119	100	49	TRUE	2021/1/13 5:26	R_2QuH81sLa1CGl1R					24.31170654	109.3861084	anonymous	ZH-S	反对	反对	反对	反对	反对	比较反对	中立	反对	反对	反对	同意	同意	同意	同意	完全反对	反对	反对	反对	比较反对	同意	一般不满意
2021/1/13 5:29	2021/1/13 5:30	IP Address	59.64.54.119	100	61	TRUE	2021/1/13 5:30	R_25KP3UYAxkR9YJ8					24.31170654	109.3861084	anonymous	ZH-S	反对	中立	比较反对	比较反对	中立	反对	反对	反对	比较同意	反对	比较反对	比较同意	比较同意	中立	比较同意	比较同意	比较同意	中立	比较同意	同意	中立
2021/1/13 5:44	2021/1/13 5:47	IP Address	59.64.54.119	100	149	TRUE	2021/1/13 5:47	R_3qOTRpZPRclZVJZ					24.31170654	109.3861084	anonymous	ZH-S	反对	比较反对	反对	比较反对	比较同意	中立	比较反对	比较同意	同意	比较反对	同意	比较同意	比较同意	同意	比较反对	反对	完全反对	反对	中立	同意	有点不满意
2021/1/13 5:50	2021/1/13 5:51	IP Address	219.142.99.14	100	101	TRUE	2021/1/13 5:51	R_2U5gXuFDX5QSyR0					39.92880249	116.3888855	anonymous	ZH-S	比较反对	反对	比较同意	比较同意	同意	同意	同意	完全同意	同意	完全同意	比较同意	比较反对	比较反对	比较反对	反对	反对	完全反对	比较反对	比较同意	同意	一般满意
2021/1/13 5:54	2021/1/13 5:55	IP Address	219.142.99.14	100	85	TRUE	2021/1/13 5:55	R_3kH6fDI4hPHBtZt					39.92880249	116.3888855	anonymous	ZH-S	比较同意	同意	同意	同意	完全同意	反对	完全反对	反对	反对	反对	比较反对	反对	完全反对	反对	比较同意	反对	比较同意	完全反对	反对	同意	有点满意
2021/1/13 5:58	2021/1/13 5:59	IP Address	59.64.54.119	100	85	TRUE	2021/1/13 5:59	R_1gwkYMW8b791Pjr					24.31170654	109.3861084	anonymous	ZH-S	反对	比较反对	中立	比较同意	比较同意	反对	反对	比较反对	反对	比较反对	比较反对	比较同意	比较反对	反对	反对	完全反对	同意	比较同意	比较反对	同意	有点满意
2021/1/13 6:18	2021/1/13 6:20	IP Address	59.64.54.119	100	95	TRUE	2021/1/13 6:20	R_2aeOQVDLEPksQpv					24.31170654	109.3861084	anonymous	ZH-S	完全反对	反对	反对	反对	反对	反对	反对	完全反对	比较反对	完全反对	反对	比较同意	反对	比较反对	中立	反对	完全反对	比较反对	完全反对	同意	一般不满意
2021/1/13 6:22	2021/1/13 6:23	IP Address	59.64.54.119	100	53	TRUE	2021/1/13 6:23	R_1LBbCeXZ9uaII5S					24.31170654	109.3861084	anonymous	ZH-S	比较同意	同意	同意	比较同意	同意	同意	比较同意	同意	比较反对	同意	同意	比较反对	同意	比较同意	同意	中立	中立	同意	同意	同意	有点满意
2021/1/13 6:26	2021/1/13 6:26	IP Address	59.64.54.119	100	36	TRUE	2021/1/13 6:26	R_OlrirDw3l8Ma1oJ					24.31170654	109.3861084	anonymous	ZH-S	完全反对	完全反对	完全反对	完全反对	完全反对	完全反对	完全反对	完全反对	完全反对	完全反对	完全同意	完全同意	中立	完全同意	完全反对	完全反对	完全反对	完全反对	完全反对	同意	极不满意
2021/1/13 6:29	2021/1/13 6:30	IP Address	59.64.54.119	100	48	TRUE	2021/1/13 6:30	R_31ZyF4KT6mAHnFZ					24.31170654	109.3861084	anonymous	ZH-S	反对	反对	反对	比较反对	比较反对	反对	反对	反对	反对	反对	比较同意	比较同意	反对	比较同意	反对	反对	反对	比较反对	反对	同意	有点不满意
2021/1/13 6:43	2021/1/13 6:44	IP Address	59.64.54.119	100	85	TRUE	2021/1/13 6:44	R_2dGtL0XlDTMEvm9					24.31170654	109.3861084	anonymous	ZH-S	中立	比较同意	中立	中立	比较同意	比较同意	比较同意	比较同意	同意	同意	比较同意	同意	比较同意	比较同意	比较反对	比较反对	比较反对	中立	比较同意	同意	有点满意
2021/1/13 6:47	2021/1/13 6:48	IP Address	59.64.54.119	100	89	TRUE	2021/1/13 6:48	R_3siC85NpUPjwZ5Z					24.31170654	109.3861084	anonymous	ZH-S	中立	比较同意	比较同意	比较同意	同意	中立	中立	比较反对	中立	比较反对	中立	比较反对	比较反对	比较反对	比较同意	比较同意	中立	比较同意	比较同意	同意	有点满意
2021/1/13 6:51	2021/1/13 6:52	IP Address	59.64.54.119	100	64	TRUE	2021/1/13 6:52	R_1E6uFYx0d0mhGan					24.31170654	109.3861084	anonymous	ZH-S	比较反对	中立	中立	比较反对	比较反对	比较同意	比较反对	比较同意	中立	比较同意	比较反对	比较同意	比较同意	中立	比较反对	比较反对	比较反对	中立	比较反对	同意	中立
2021/1/13 6:55	2021/1/13 6:56	IP Address	59.64.54.119	100	75	TRUE	2021/1/13 6:56	R_eKSUZlMT5kniqg9					24.31170654	109.3861084	anonymous	ZH-S	完全反对	完全反对	比较反对	完全反对	完全反对	反对	比较反对	比较反对	中立	反对	同意	同意	完全同意	完全同意	比较反对	反对	中立	反对	比较反对	同意	一般不满意
2021/1/13 17:21	2021/1/13 17:22	IP Address	59.64.54.119	100	57	TRUE	2021/1/13 17:22	R_bkCn7eItDxMM6Mp					24.31170654	109.3861084	anonymous	ZH-S	反对	比较反对	反对	比较反对	比较反对	反对	比较反对	完全反对	比较反对	完全反对	比较同意	比较同意	中立	同意	完全反对	比较反对	中立	比较反对	反对	同意	一般不满意
2021/1/13 17:25	2021/1/13 17:25	IP Address	59.64.54.119	100	51	TRUE	2021/1/13 17:25	R_1fZoQAjWQKAl4uU					24.31170654	109.3861084	anonymous	ZH-S	反对	中立	中立	反对	中立	完全反对	反对	完全反对	反对	比较反对	比较反对	中立	中立	比较反对	反对	比较反对	中立	中立	比较反对	同意	有点不满意
2021/1/13 17:28	2021/1/13 17:29	IP Address	59.64.54.119	100	49	TRUE	2021/1/13 17:29	R_2S8OQhMsV2mwc2D					24.31170654	109.3861084	anonymous	ZH-S	中立	中立	比较反对	中立	比较同意	中立	同意	同意	同意	同意	比较同意	中立	同意	比较同意	比较反对	比较反对	比较同意	中立	中立	同意	中立
2021/1/13 17:32	2021/1/13 17:33	IP Address	59.64.54.119	100	52	TRUE	2021/1/13 17:33	R_293QzXeaPJQpKcb					24.31170654	109.3861084	anonymous	ZH-S	中立	中立	中立	中立	比较同意	中立	比较同意	比较反对	比较同意	中立	比较反对	比较反对	中立	反对	中立	反对	比较同意	中立	比较反对	同意	有点不满意
2021/1/13 17:47	2021/1/13 17:49	IP Address	59.64.54.119	100	137	TRUE	2021/1/13 17:49	R_3ilGkePyrkES0oh					24.31170654	109.3861084	anonymous	ZH-S	比较反对	反对	中立	比较反对	反对	同意	比较反对	同意	同意	比较同意	中立	比较反对	中立	中立	比较反对	比较反对	比较反对	反对	比较反对	同意	有点不满意
2021/1/13 17:52	2021/1/13 17:53	IP Address	59.64.54.119	100	83	TRUE	2021/1/13 17:53	R_2fiF3ZE2Aw0s2kX					24.31170654	109.3861084	anonymous	ZH-S	比较同意	比较同意	同意	完全同意	同意	同意	比较反对	反对	比较同意	反对	反对	反对	反对	中立	中立	中立	同意	反对	同意	同意	有点满意
2021/1/13 17:56	2021/1/13 17:57	IP Address	59.64.54.119	100	79	TRUE	2021/1/13 17:57	R_1Ksi4nv2LyPxZ3e					24.31170654	109.3861084	anonymous	ZH-S	反对	反对	比较反对	中立	反对	比较同意	比较同意	中立	同意	中立	同意	比较反对	同意	同意	中立	完全反对	比较反对	完全反对	反对	同意	有点不满意
2021/1/13 17:59	2021/1/13 18:01	IP Address	59.64.54.119	100	93	TRUE	2021/1/13 18:01	R_BFLdpBRv4P4Huox					24.31170654	109.3861084	anonymous	ZH-S	比较反对	反对	比较反对	中立	比较反对	同意	同意	中立	比较同意	比较反对	反对	比较反对	完全同意	比较反对	比较反对	反对	反对	反对	中立	同意	中立
2021/1/13 18:43	2021/1/13 18:45	IP Address	59.64.54.119	100	114	TRUE	2021/1/13 18:45	R_2BnyLjEHuFKRtG7					24.31170654	109.3861084	anonymous	ZH-S	比较同意	比较同意	同意	比较同意	同意	反对	中立	比较反对	中立	比较反对	比较反对	比较同意	比较同意	反对	完全反对	完全反对	完全反对	比较反对	中立	同意	有点不满意
2021/1/13 18:48	2021/1/13 18:49	IP Address	59.64.54.119	100	84	TRUE	2021/1/13 18:49	R_UDx4lhQLAYtiujv					24.31170654	109.3861084	anonymous	ZH-S	比较反对	比较同意	比较同意	比较同意	比较同意	比较反对	反对	比较反对	比较反对	比较同意	反对	反对	反对	反对	比较反对	比较反对	中立	中立	比较同意	同意	有点满意
2021/1/13 18:52	2021/1/13 18:53	IP Address	59.64.54.119	100	67	TRUE	2021/1/13 18:53	R_Og8HxG6UeeK9ojv					24.31170654	109.3861084	anonymous	ZH-S	同意	比较同意	比较同意	同意	同意	同意	完全同意	比较同意	完全同意	完全同意	同意	比较反对	完全同意	中立	同意	比较反对	反对	比较反对	中立	同意	中立
2021/1/13 18:56	2021/1/13 18:57	IP Address	59.64.54.119	100	74	TRUE	2021/1/13 18:57	R_2tMw43m4oacaMsE					24.31170654	109.3861084	anonymous	ZH-S	比较反对	反对	反对	反对	反对	反对	比较同意	反对	比较同意	反对	中立	中立	比较同意	比较同意	完全反对	完全反对	完全反对	反对	反对	同意	一般不满意
2021/1/13 19:10	2021/1/13 19:12	IP Address	59.64.54.119	100	116	TRUE	2021/1/13 19:12	R_50ZLYwaf4IQy6Wt					24.31170654	109.3861084	anonymous	ZH-S	反对	反对	比较反对	反对	反对	反对	反对	比较反对	反对	反对	中立	同意	比较反对	同意	反对	反对	比较反对	反对	反对	同意	中立
2021/1/13 19:15	2021/1/13 19:16	IP Address	59.64.54.119	100	98	TRUE	2021/1/13 19:16	R_1kSsrKhiWl21tOD					24.31170654	109.3861084	anonymous	ZH-S	中立	比较同意	比较同意	比较同意	比较同意	中立	比较反对	比较反对	比较反对	中立	比较反对	比较反对	比较反对	反对	中立	反对	中立	比较同意	比较同意	同意	有点满意
2021/1/13 19:19	2021/1/13 19:20	IP Address	59.64.54.119	100	88	TRUE	2021/1/13 19:20	R_tLPrnrG3KylTxiV					24.31170654	109.3861084	anonymous	ZH-S	比较同意	比较同意	比较同意	同意	同意	同意	同意	中立	同意	比较同意	比较同意	反对	同意	比较同意	比较同意	比较反对	中立	比较同意	同意	同意	有点满意
2021/1/13 19:23	2021/1/13 19:24	IP Address	59.64.54.119	100	54	TRUE	2021/1/13 19:24	R_3pmStEF977nXUz2					24.31170654	109.3861084	anonymous	ZH-S	反对	反对	反对	反对	比较反对	反对	反对	反对	反对	反对	比较反对	同意	比较反对	比较同意	反对	反对	反对	比较反对	反对	同意	中立
2021/1/13 20:10	2021/1/13 20:11	IP Address	59.64.54.119	100	58	TRUE	2021/1/13 20:11	R_A6GgLRERbA5KF0J					24.31170654	109.3861084	anonymous	ZH-S	反对	完全反对	完全反对	完全反对	比较反对	反对	同意	完全反对	比较同意	反对	同意	同意	比较反对	同意	完全反对	完全反对	完全反对	反对	比较同意	同意	有点不满意
2021/1/13 20:14	2021/1/13 20:15	IP Address	59.64.54.119	100	50	TRUE	2021/1/13 20:15	R_3gSIh2Fro0z2WNn					24.31170654	109.3861084	anonymous	ZH-S	同意	完全同意	同意	同意	同意	同意	完全同意	完全同意	同意	完全同意	反对	比较同意	同意	反对	中立	完全反对	中立	同意	同意	同意	极为满意
2021/1/13 20:17	2021/1/13 20:18	IP Address	59.64.54.119	100	38	TRUE	2021/1/13 20:18	R_215PBWTMBIuQZ7p					24.31170654	109.3861084	anonymous	ZH-S	完全反对	反对	完全反对	反对	完全反对	完全反对	比较反对	完全反对	完全反对	完全反对	同意	完全同意	同意	比较同意	完全反对	完全反对	完全反对	反对	完全反对	同意	一般不满意
2021/1/13 20:21	2021/1/13 20:21	IP Address	59.64.54.119	100	31	TRUE	2021/1/13 20:21	R_d6fPnyhFI1DxWw1					24.31170654	109.3861084	anonymous	ZH-S	完全反对	完全反对	完全反对	完全反对	完全反对	完全反对	完全反对	完全反对	比较反对	完全反对	同意	完全同意	完全反对	完全同意	完全反对	完全反对	完全反对	完全反对	完全反对	同意	极不满意
2021/1/13 21:14	2021/1/13 21:15	IP Address	59.64.54.119	100	81	TRUE	2021/1/13 21:15	R_pSlJ8KwRTKjNJrb					24.31170654	109.3861084	anonymous	ZH-S	反对	完全反对	比较反对	比较反对	比较反对	比较反对	中立	比较反对	中立	反对	比较同意	比较反对	同意	中立	比较反对	反对	反对	比较反对	反对	同意	有点不满意
2021/1/13 21:18	2021/1/13 21:18	IP Address	59.64.54.119	100	44	TRUE	2021/1/13 21:18	R_2WMBxVZIpj09Yr0					24.31170654	109.3861084	anonymous	ZH-S	完全反对	完全反对	完全反对	反对	完全反对	反对	完全反对	完全反对	完全反对	完全反对	完全同意	同意	同意	完全同意	反对	完全反对	反对	完全反对	反对	同意	极不满意
2021/1/13 21:21	2021/1/13 21:22	IP Address	59.64.54.119	100	59	TRUE	2021/1/13 21:22	R_1r2F5LIUa2zXBhq					24.31170654	109.3861084	anonymous	ZH-S	反对	中立	比较同意	中立	比较同意	比较同意	比较同意	比较同意	比较同意	比较同意	反对	中立	中立	反对	比较同意	中立	比较反对	中立	比较同意	同意	有点满意
2021/1/13 21:25	2021/1/13 21:26	IP Address	59.64.54.119	100	57	TRUE	2021/1/13 21:26	R_1qfGRZueq3Amz7s					24.31170654	109.3861084	anonymous	ZH-S	中立	同意	比较同意	同意	同意	比较同意	中立	比较同意	同意	比较同意	中立	比较反对	反对	中立	同意	同意	中立	比较同意	比较同意	同意	一般满意
2021/1/13 22:08	2021/1/13 22:09	IP Address	59.64.54.119	100	92	TRUE	2021/1/13 22:09	R_2vdAI3FMCBV9wRo					24.31170654	109.3861084	anonymous	ZH-S	同意	同意	比较同意	同意	同意	中立	中立	比较反对	比较同意	中立	比较反对	反对	中立	比较同意	比较反对	比较同意	比较反对	比较同意	比较同意	同意	一般满意
2021/1/13 22:12	2021/1/13 22:14	IP Address	219.142.99.14	100	116	TRUE	2021/1/13 22:14	R_32Wtu2IqQDIkxnn					39.92880249	116.3888855	anonymous	ZH-S	中立	比较同意	比较同意	比较同意	比较同意	比较反对	比较同意	中立	中立	中立	中立	中立	比较同意	比较反对	比较反对	比较反对	反对	比较反对	中立	同意	有点满意
2021/1/13 22:16	2021/1/13 22:18	IP Address	59.64.54.119	100	79	TRUE	2021/1/13 22:18	R_2xPgGoY4MkjaCxb					24.31170654	109.3861084	anonymous	ZH-S	中立	比较反对	比较同意	比较反对	比较同意	比较反对	同意	中立	比较同意	比较反对	比较同意	中立	同意	比较同意	反对	比较反对	反对	比较反对	中立	同意	有点满意
2021/1/13 22:20	2021/1/13 22:21	IP Address	59.64.54.119	100	66	TRUE	2021/1/13 22:21	R_2Vr9EhiM7JViQ5K					24.31170654	109.3861084	anonymous	ZH-S	比较同意	同意	同意	同意	比较同意	同意	比较同意	比较同意	比较同意	比较同意	比较反对	比较反对	比较同意	比较反对	中立	中立	比较同意	同意	比较同意	同意	一般满意
2021/1/13 22:35	2021/1/13 22:37	IP Address	59.64.54.119	100	99	TRUE	2021/1/13 22:37	R_3hroaY6IKO2O0H1					24.31170654	109.3861084	anonymous	ZH-S	比较同意	比较反对	同意	比较同意	同意	比较同意	比较同意	比较同意	同意	同意	反对	比较反对	比较同意	反对	比较反对	比较反对	比较同意	比较同意	比较同意	同意	一般满意
2021/1/13 22:40	2021/1/13 22:42	IP Address	59.64.54.119	100	124	TRUE	2021/1/13 22:42	R_2wNC5fHTuJhbYbd					24.31170654	109.3861084	anonymous	ZH-S	中立	比较反对	比较同意	比较同意	同意	比较同意	比较同意	比较反对	中立	同意	中立	比较同意	比较反对	比较反对	比较反对	反对	反对	比较反对	比较反对	同意	有点满意
2021/1/13 22:44	2021/1/13 22:46	IP Address	59.64.54.119	100	83	TRUE	2021/1/13 22:46	R_3j3BAznwimUC2pd					24.31170654	109.3861084	anonymous	ZH-S	比较同意	比较同意	同意	比较同意	同意	同意	比较同意	中立	比较同意	比较反对	比较同意	中立	比较同意	比较同意	比较反对	比较反对	比较反对	反对	比较同意	同意	中立
2021/1/13 22:48	2021/1/13 22:50	IP Address	59.64.54.119	100	86	TRUE	2021/1/13 22:50	R_2TSo3VYkA4ZJDFQ					24.31170654	109.3861084	anonymous	ZH-S	中立	比较反对	中立	比较反对	比较同意	同意	比较同意	比较同意	同意	同意	比较反对	同意	比较同意	比较反对	中立	反对	反对	同意	同意	同意	一般满意
2021/1/13 23:07	2021/1/13 23:08	IP Address	59.64.54.119	100	72	TRUE	2021/1/13 23:08	R_29mtn7JFJ9IBNUz					24.31170654	109.3861084	anonymous	ZH-S	比较反对	反对	反对	比较反对	比较反对	中立	比较反对	反对	比较反对	反对	比较反对	比较反对	中立	比较同意	比较反对	比较反对	反对	比较反对	比较反对	同意	有点不满意
2021/1/13 23:11	2021/1/13 23:11	IP Address	59.64.54.119	100	51	TRUE	2021/1/13 23:11	R_2bV1UemswolyFC2					24.31170654	109.3861084	anonymous	ZH-S	比较反对	比较反对	比较反对	比较反对	比较反对	比较反对	比较反对	中立	中立	比较反对	中立	比较同意	中立	比较同意	比较反对	比较反对	比较反对	比较反对	比较反对	同意	有点不满意
2021/1/13 23:14	2021/1/13 23:15	IP Address	59.64.54.119	100	45	TRUE	2021/1/13 23:15	R_2QWEbRjWx46TYDv					24.31170654	109.3861084	anonymous	ZH-S	比较反对	比较反对	比较反对	比较反对	比较反对	比较反对	比较反对	比较反对	中立	比较反对	比较反对	比较同意	中立	比较同意	比较反对	比较同意	比较反对	比较反对	比较反对	同意	中立
2021/1/13 23:17	2021/1/13 23:18	IP Address	59.64.54.119	100	45	TRUE	2021/1/13 23:18	R_2s5W4d4eyF97iTz					24.31170654	109.3861084	anonymous	ZH-S	比较反对	比较反对	比较反对	比较反对	比较反对	比较同意	中立	比较反对	比较同意	比较同意	比较反对	比较同意	比较同意	比较反对	比较同意	比较反对	比较反对	比较反对	比较反对	同意	有点满意
2021/1/13 23:35	2021/1/13 23:37	IP Address	59.64.54.119	100	96	TRUE	2021/1/13 23:37	R_vuHJVondoeLRedb					24.31170654	109.3861084	anonymous	ZH-S	中立	比较同意	比较同意	比较同意	比较同意	中立	比较反对	比较反对	比较反对	中立	比较同意	比较反对	比较同意	比较同意	比较反对	反对	比较反对	比较反对	中立	同意	中立
2021/1/13 23:40	2021/1/13 23:41	IP Address	59.64.54.119	100	91	TRUE	2021/1/13 23:41	R_1CsBs6zO85Artdr					24.31170654	109.3861084	anonymous	ZH-S	同意	中立	比较同意	比较同意	同意	比较同意	同意	同意	比较同意	比较同意	比较反对	比较同意	比较反对	完全反对	比较同意	反对	比较反对	比较反对	中立	同意	一般满意
2021/1/13 23:44	2021/1/13 23:45	IP Address	59.64.54.119	100	76	TRUE	2021/1/13 23:45	R_3L7l2erTDvtd4CD					24.31170654	109.3861084	anonymous	ZH-S	反对	比较同意	比较反对	比较反对	比较反对	反对	反对	反对	反对	反对	比较反对	比较同意	比较同意	比较同意	比较同意	完全反对	反对	反对	比较反对	同意	一般不满意
2021/1/13 23:48	2021/1/13 23:48	IP Address	59.64.54.119	100	54	TRUE	2021/1/13 23:48	R_3hmBdTrzfpLTkGc					24.31170654	109.3861084	anonymous	ZH-S	同意	完全同意	同意	同意	完全同意	同意	完全同意	同意	同意	同意	比较同意	反对	同意	中立	比较同意	中立	比较同意	比较同意	比较同意	同意	一般满意
2021/1/14 0:13	2021/1/14 0:14	IP Address	219.142.99.14	100	82	TRUE	2021/1/14 0:14	R_31XkUdvmmTA74DW					39.92880249	116.3888855	anonymous	ZH-S	反对	完全反对	反对	反对	反对	中立	反对	中立	中立	反对	中立	比较反对	同意	比较反对	反对	反对	比较同意	中立	反对	同意	有点不满意
2021/1/14 0:17	2021/1/14 0:18	IP Address	219.142.99.14	100	81	TRUE	2021/1/14 0:18	R_3hseSFjeVWvDJeW					39.92880249	116.3888855	anonymous	ZH-S	中立	反对	中立	中立	中立	中立	比较同意	比较同意	中立	比较同意	比较同意	反对	比较同意	反对	中立	反对	中立	中立	比较反对	同意	中立
2021/1/14 0:21	2021/1/14 0:22	IP Address	219.142.99.14	100	65	TRUE	2021/1/14 0:22	R_3rSwypodJHmVzgx					39.92880249	116.3888855	anonymous	ZH-S	比较同意	比较同意	中立	中立	比较同意	比较同意	比较反对	中立	中立	中立	中立	反对	中立	中立	比较反对	反对	比较同意	中立	比较同意	同意	有点满意
2021/1/14 0:25	2021/1/14 0:25	IP Address	219.142.99.14	100	51	TRUE	2021/1/14 0:25	R_xyzrAYTuVIqbCAp					39.92880249	116.3888855	anonymous	ZH-S	反对	反对	反对	反对	反对	反对	反对	反对	反对	反对	中立	中立	中立	同意	反对	反对	反对	反对	反对	同意	一般不满意
2021/1/14 0:42	2021/1/14 0:43	IP Address	219.142.99.14	100	80	TRUE	2021/1/14 0:43	R_1Q5wV6QMK0q9Voq					39.92880249	116.3888855	anonymous	ZH-S	反对	完全反对	完全反对	反对	完全反对	反对	反对	比较反对	中立	比较反对	比较同意	比较同意	比较同意	同意	比较反对	比较反对	完全反对	中立	完全反对	同意	有点不满意
2021/1/14 0:46	2021/1/14 0:47	IP Address	219.142.99.14	100	69	TRUE	2021/1/14 0:47	R_dnGvyjNEExJbOKJ					39.92880249	116.3888855	anonymous	ZH-S	反对	反对	完全反对	反对	反对	比较反对	反对	比较反对	比较同意	比较反对	比较反对	中立	中立	反对	反对	完全反对	反对	反对	比较反对	同意	中立
2021/1/14 0:50	2021/1/14 0:50	IP Address	219.142.99.14	100	48	TRUE	2021/1/14 0:50	R_2uBNA5GANdEuhvs					39.92880249	116.3888855	anonymous	ZH-S	中立	同意	同意	同意	同意	完全同意	完全同意	同意	同意	完全同意	中立	反对	比较同意	中立	比较同意	中立	比较反对	同意	比较同意	同意	一般满意
2021/1/14 0:53	2021/1/14 0:54	IP Address	219.142.99.14	100	67	TRUE	2021/1/14 0:54	R_3fBgrzNixtvY66g					39.92880249	116.3888855	anonymous	ZH-S	反对	反对	中立	比较反对	比较反对	完全反对	完全反对	反对	反对	反对	中立	比较同意	中立	中立	反对	完全反对	完全反对	比较反对	反对	同意	有点不满意
2021/1/14 1:37	2021/1/14 1:38	IP Address	59.64.54.119	100	85	TRUE	2021/1/14 1:38	R_3Gy2lf5KZfn4q3r					24.31170654	109.3861084	anonymous	ZH-S	比较反对	比较反对	反对	比较反对	比较反对	比较反对	比较反对	比较同意	比较反对	中立	比较反对	同意	比较反对	反对	比较反对	比较反对	比较反对	同意	反对	同意	一般满意
2021/1/14 1:41	2021/1/14 1:42	IP Address	59.64.54.119	100	46	TRUE	2021/1/14 1:42	R_3EMV6UZMGTvZQRY					24.31170654	109.3861084	anonymous	ZH-S	比较同意	比较同意	比较同意	中立	同意	比较同意	同意	比较同意	比较反对	同意	比较同意	中立	比较同意	中立	比较反对	比较同意	同意	比较同意	比较同意	同意	有点满意
2021/1/14 1:44	2021/1/14 1:45	IP Address	59.64.54.119	100	48	TRUE	2021/1/14 1:45	R_3Dj3RlPQ4sljHmg					24.31170654	109.3861084	anonymous	ZH-S	完全反对	完全反对	完全反对	反对	完全反对	比较反对	反对	反对	比较反对	比较反对	比较同意	同意	同意	同意	反对	比较反对	反对	反对	反对	同意	一般不满意
2021/1/14 1:48	2021/1/14 1:48	IP Address	59.64.54.119	100	40	TRUE	2021/1/14 1:48	R_3F2mPahmpnnbGQZ					24.31170654	109.3861084	anonymous	ZH-S	比较同意	比较同意	比较同意	同意	同意	同意	同意	比较同意	完全同意	完全同意	比较同意	比较反对	同意	中立	同意	比较反对	比较同意	比较反对	同意	同意	一般满意
2021/1/14 2:04	2021/1/14 2:07	IP Address	59.64.54.119	100	170	TRUE	2021/1/14 2:07	R_sBwO3D57Xj3i5sl					24.31170654	109.3861084	anonymous	ZH-S	比较反对	比较反对	中立	比较反对	反对	比较同意	同意	比较同意	同意	比较同意	比较同意	同意	同意	比较同意	比较反对	反对	比较反对	比较反对	比较反对	同意	中立
2021/1/14 2:09	2021/1/14 2:11	IP Address	59.64.54.119	100	97	TRUE	2021/1/14 2:11	R_1FQcddNREccm3uW					24.31170654	109.3861084	anonymous	ZH-S	比较同意	比较同意	中立	比较同意	比较同意	比较同意	中立	中立	比较同意	中立	中立	中立	比较同意	比较反对	比较反对	比较反对	比较反对	比较反对	中立	同意	中立
2021/1/14 2:14	2021/1/14 2:15	IP Address	219.142.99.14	100	89	TRUE	2021/1/14 2:15	R_3nl2TKO4SupSy5r					39.92880249	116.3888855	anonymous	ZH-S	比较同意	同意	比较同意	同意	比较同意	同意	同意	同意	比较同意	同意	中立	比较同意	比较同意	反对	比较同意	中立	中立	中立	中立	同意	一般满意
2021/1/14 2:18	2021/1/14 2:19	IP Address	59.64.54.119	100	100	TRUE	2021/1/14 2:19	R_290bICjZqbI14mE					24.31170654	109.3861084	anonymous	ZH-S	比较同意	比较同意	比较同意	比较同意	比较同意	同意	同意	同意	同意	同意	比较反对	比较同意	同意	完全反对	中立	比较反对	中立	中立	中立	同意	一般满意
2021/1/14 2:51	2021/1/14 2:52	IP Address	59.64.54.119	100	77	TRUE	2021/1/14 2:52	R_2E0IEL38yM7eAAJ					24.31170654	109.3861084	anonymous	ZH-S	反对	反对	中立	反对	反对	比较同意	反对	中立	反对	中立	反对	反对	同意	比较同意	比较同意	反对	反对	完全反对	反对	同意	中立
2021/1/14 2:55	2021/1/14 2:56	IP Address	219.142.99.14	100	64	TRUE	2021/1/14 2:56	R_1LGnnyviHcVNpnH					39.92880249	116.3888855	anonymous	ZH-S	比较反对	完全反对	比较反对	反对	比较同意	完全反对	比较同意	中立	比较反对	比较反对	完全反对	反对	比较同意	反对	比较反对	比较反对	比较反对	反对	比较反对	同意	有点不满意
2021/1/14 2:58	2021/1/14 2:59	IP Address	219.142.99.14	100	46	TRUE	2021/1/14 2:59	R_4YIac1cgmszj17z					39.92880249	116.3888855	anonymous	ZH-S	完全同意	同意	同意	同意	同意	同意	完全同意	完全同意	完全同意	同意	完全同意	比较反对	完全同意	比较反对	同意	同意	同意	同意	中立	同意	一般满意
2021/1/14 3:02	2021/1/14 3:03	IP Address	59.64.54.119	100	46	TRUE	2021/1/14 3:03	R_poNMWsmCs47E0YV					24.31170654	109.3861084	anonymous	ZH-S	反对	完全反对	比较反对	反对	反对	比较反对	中立	反对	反对	反对	同意	同意	同意	同意	中立	反对	比较反对	比较反对	中立	同意	中立
2021/1/14 3:33	2021/1/14 3:35	IP Address	59.64.54.119	100	75	TRUE	2021/1/14 3:35	R_3L5UtrKWkMkt7b8					24.31170654	109.3861084	anonymous	ZH-S	中立	中立	中立	中立	比较反对	反对	反对	反对	比较反对	比较反对	完全同意	同意	完全同意	同意	完全反对	反对	反对	完全反对	比较反对	同意	有点不满意
2021/1/14 3:37	2021/1/14 3:39	IP Address	59.64.54.119	100	94	TRUE	2021/1/14 3:39	R_cSde5yK7Eaugm1X					24.31170654	109.3861084	anonymous	ZH-S	中立	比较同意	同意	中立	比较同意	比较同意	比较反对	比较同意	同意	比较反对	反对	同意	比较反对	比较反对	反对	比较同意	同意	比较反对	比较反对	同意	有点满意
2021/1/14 3:41	2021/1/14 3:42	IP Address	59.64.54.119	100	53	TRUE	2021/1/14 3:42	R_2sbYNoquoVJ9X58					24.31170654	109.3861084	anonymous	ZH-S	同意	同意	同意	同意	同意	比较同意	比较反对	同意	同意	同意	比较反对	比较反对	比较反对	反对	同意	比较同意	比较同意	同意	比较同意	同意	有点满意
2021/1/14 3:45	2021/1/14 3:46	IP Address	59.64.54.119	100	61	TRUE	2021/1/14 3:46	R_31SKPSud4uk9RNU					24.31170654	109.3861084	anonymous	ZH-S	同意	同意	同意	同意	比较同意	同意	完全同意	比较同意	完全同意	完全同意	中立	中立	比较反对	比较反对	同意	比较同意	比较反对	比较反对	比较同意	同意	一般满意
2021/1/14 4:14	2021/1/14 4:15	IP Address	59.64.54.119	100	85	TRUE	2021/1/14 4:15	R_2zRNYdiw5rrdo75					24.31170654	109.3861084	anonymous	ZH-S	比较反对	同意	同意	同意	比较同意	比较反对	比较同意	比较反对	完全同意	比较反对	比较同意	同意	比较同意	比较反对	比较同意	反对	反对	中立	比较同意	同意	有点满意
2021/1/14 4:18	2021/1/14 4:19	IP Address	59.64.54.119	100	60	TRUE	2021/1/14 4:19	R_279ah26CI3NZNp0					24.31170654	109.3861084	anonymous	ZH-S	比较反对	同意	比较反对	比较同意	同意	同意	完全同意	比较同意	完全同意	同意	完全同意	比较反对	同意	比较反对	比较同意	反对	比较反对	比较反对	比较同意	同意	一般满意
2021/1/14 4:21	2021/1/14 4:23	IP Address	59.64.54.119	100	70	TRUE	2021/1/14 4:23	R_8DrE2cKjvBiKCv7					24.31170654	109.3861084	anonymous	ZH-S	反对	反对	比较反对	比较同意	比较反对	中立	比较反对	比较反对	反对	反对	比较反对	同意	反对	同意	反对	反对	同意	反对	比较反对	同意	一般不满意
2021/1/14 4:25	2021/1/14 4:26	IP Address	59.64.54.119	100	57	TRUE	2021/1/14 4:26	R_1nWbf7K1dmZaLJd					24.31170654	109.3861084	anonymous	ZH-S	中立	比较反对	比较反对	中立	比较反对	中立	比较反对	比较反对	同意	比较同意	中立	中立	比较同意	比较反对	比较同意	反对	反对	比较反对	比较反对	同意	中立
2021/1/14 4:46	2021/1/14 4:48	IP Address	59.64.54.119	100	103	TRUE	2021/1/14 4:48	R_2PnFinchjyeDCUB					24.31170654	109.3861084	anonymous	ZH-S	完全反对	完全反对	完全反对	比较反对	反对	反对	完全反对	反对	反对	完全反对	反对	同意	中立	同意	反对	完全反对	完全反对	完全反对	完全反对	同意	一般不满意
2021/1/14 4:50	2021/1/14 4:52	IP Address	59.64.54.119	100	106	TRUE	2021/1/14 4:52	R_1FtxEkGoISMg7KC					24.31170654	109.3861084	anonymous	ZH-S	反对	中立	反对	比较反对	中立	比较同意	中立	比较同意	比较同意	中立	比较反对	同意	中立	比较反对	反对	完全反对	比较反对	比较反对	比较反对	同意	有点满意
2021/1/14 4:55	2021/1/14 4:57	IP Address	59.64.54.119	100	107	TRUE	2021/1/14 4:57	R_1IBnzQCY2gmTBrz					24.31170654	109.3861084	anonymous	ZH-S	中立	中立	中立	比较同意	比较同意	中立	比较同意	比较同意	比较同意	比较同意	比较同意	中立	完全同意	中立	中立	中立	比较反对	比较反对	比较反对	同意	有点满意
2021/1/14 4:59	2021/1/14 5:01	IP Address	59.64.54.119	100	105	TRUE	2021/1/14 5:01	R_2xxHprz8eBibJJu					24.31170654	109.3861084	anonymous	ZH-S	中立	比较同意	中立	比较同意	比较同意	比较同意	中立	中立	比较反对	中立	中立	同意	反对	比较反对	反对	比较反对	比较同意	中立	比较同意	同意	有点满意
2021/1/14 5:15	2021/1/14 5:17	IP Address	59.64.54.119	100	149	TRUE	2021/1/14 5:17	R_2f9cjRLxbimlrKx					24.31170654	109.3861084	anonymous	ZH-S	中立	比较反对	中立	比较反对	中立	比较反对	中立	中立	比较同意	比较反对	比较同意	比较同意	比较同意	中立	比较反对	比较反对	中立	比较反对	比较反对	同意	有点不满意
2021/1/14 5:20	2021/1/14 5:22	IP Address	59.64.54.119	100	95	TRUE	2021/1/14 5:22	R_ZmLZoyZwYRiZpPr					24.31170654	109.3861084	anonymous	ZH-S	同意	比较同意	同意	完全同意	比较同意	比较同意	中立	比较同意	比较同意	比较同意	中立	反对	同意	比较反对	中立	中立	比较同意	比较反对	比较同意	同意	有点满意
2021/1/14 5:24	2021/1/14 5:25	IP Address	59.64.54.119	100	73	TRUE	2021/1/14 5:25	R_1j7fnaSUFyMmojv					24.31170654	109.3861084	anonymous	ZH-S	完全同意	完全同意	完全同意	完全同意	完全同意	完全同意	完全同意	同意	同意	完全同意	中立	反对	完全同意	反对	同意	同意	同意	比较同意	同意	同意	极为满意
2021/1/14 5:28	2021/1/14 5:29	IP Address	59.64.54.119	100	62	TRUE	2021/1/14 5:29	R_10INi3QfEbw5QY8					24.31170654	109.3861084	anonymous	ZH-S	同意	同意	同意	同意	同意	比较同意	中立	比较同意	中立	比较同意	反对	中立	中立	反对	比较同意	中立	中立	比较同意	同意	同意	一般满意
2021/1/14 17:07	2021/1/14 17:09	IP Address	59.64.54.119	100	113	TRUE	2021/1/14 17:09	R_2D82tKY2Z2fdlxH					24.31170654	109.3861084	anonymous	ZH-S	比较反对	完全反对	比较反对	反对	完全反对	同意	中立	比较反对	完全同意	同意	完全同意	比较同意	同意	比较同意	完全反对	完全反对	反对	同意	同意	同意	有点满意
2021/1/14 17:12	2021/1/14 17:14	IP Address	219.142.99.14	100	97	TRUE	2021/1/14 17:14	R_USARkwmReQIxf45					39.92880249	116.3888855	anonymous	ZH-S	反对	反对	完全反对	反对	比较同意	比较同意	反对	比较反对	比较同意	比较反对	同意	同意	比较同意	比较同意	反对	反对	完全反对	比较反对	比较反对	同意	中立
2021/1/14 17:16	2021/1/14 17:17	IP Address	219.142.99.14	100	58	TRUE	2021/1/14 17:17	R_3emkx10nkyB31AZ					39.92880249	116.3888855	anonymous	ZH-S	比较同意	同意	比较同意	比较同意	完全同意	完全同意	同意	完全同意	同意	完全同意	同意	比较同意	同意	中立	比较同意	比较反对	中立	比较反对	同意	同意	极为满意
2021/1/14 17:20	2021/1/14 17:21	IP Address	59.64.54.119	100	66	TRUE	2021/1/14 17:21	R_3h0x2iT7vsxsXA6					24.31170654	109.3861084	anonymous	ZH-S	完全反对	完全反对	比较反对	反对	反对	同意	中立	反对	比较反对	反对	比较反对	完全同意	反对	比较反对	比较同意	完全反对	比较反对	比较同意	反对	同意	有点满意
2021/1/14 17:45	2021/1/14 17:46	IP Address	59.64.54.119	100	110	TRUE	2021/1/14 17:46	R_3qPZelxNYwBfSzh					24.31170654	109.3861084	anonymous	ZH-S	中立	中立	比较反对	中立	中立	比较反对	比较反对	比较同意	中立	比较同意	比较反对	比较反对	比较反对	比较反对	比较同意	比较反对	比较反对	中立	中立	同意	中立
2021/1/14 17:49	2021/1/14 17:51	IP Address	59.64.54.119	100	93	TRUE	2021/1/14 17:51	R_3O15UnCUTLJblri					24.31170654	109.3861084	anonymous	ZH-S	比较反对	比较反对	比较反对	比较反对	比较反对	比较同意	比较同意	比较同意	比较同意	比较同意	中立	比较反对	中立	中立	比较同意	比较反对	比较反对	中立	中立	同意	有点满意
2021/1/14 17:53	2021/1/14 17:54	IP Address	59.64.54.119	100	72	TRUE	2021/1/14 17:54	R_ODLOsNTf2wf3NMR					24.31170654	109.3861084	anonymous	ZH-S	比较反对	比较反对	比较反对	比较反对	比较反对	比较反对	比较反对	中立	中立	中立	比较反对	比较反对	比较反对	比较反对	中立	比较反对	比较反对	比较反对	比较反对	同意	有点不满意
2021/1/14 17:57	2021/1/14 17:59	IP Address	59.64.54.119	100	88	TRUE	2021/1/14 17:59	R_1C8wU59opeiHByD					24.31170654	109.3861084	anonymous	ZH-S	比较反对	比较反对	比较反对	中立	比较反对	比较同意	比较同意	比较同意	比较同意	比较同意	中立	比较反对	比较同意	比较反对	比较反对	比较反对	比较反对	比较反对	中立	同意	有点满意
2021/1/14 18:40	2021/1/14 18:41	IP Address	59.64.54.119	100	82	TRUE	2021/1/14 18:41	R_10HGgrYxcbBH557					24.31170654	109.3861084	anonymous	ZH-S	比较同意	同意	同意	同意	同意	比较同意	同意	同意	同意	同意	比较反对	比较反对	同意	中立	同意	中立	中立	中立	同意	同意	有点满意
2021/1/14 18:44	2021/1/14 18:45	IP Address	59.64.54.119	100	64	TRUE	2021/1/14 18:45	R_eVATeALbveLwGul					24.31170654	109.3861084	anonymous	ZH-S	中立	比较反对	中立	中立	中立	比较反对	中立	比较同意	比较同意	中立	比较反对	反对	比较反对	反对	比较反对	中立	中立	比较同意	中立	同意	有点不满意
2021/1/14 18:48	2021/1/14 18:48	IP Address	59.64.54.119	100	36	TRUE	2021/1/14 18:48	R_BP3qwlYRBpBwzZL					24.31170654	109.3861084	anonymous	ZH-S	反对	反对	反对	反对	反对	反对	反对	反对	反对	反对	中立	反对	反对	反对	反对	反对	反对	反对	反对	同意	一般不满意
2021/1/14 18:51	2021/1/14 18:52	IP Address	59.64.54.119	100	57	TRUE	2021/1/14 18:52	R_3q7E1fsfOZOFv1Z					24.31170654	109.3861084	anonymous	ZH-S	比较反对	比较反对	比较反对	比较反对	比较反对	比较反对	比较反对	中立	中立	中立	比较反对	反对	中立	反对	比较反对	中立	比较反对	中立	比较反对	同意	有点不满意
2021/1/14 19:17	2021/1/14 19:18	IP Address	59.64.54.119	100	46	TRUE	2021/1/14 19:18	R_2VxO8QwjJt0RtNa					24.31170654	109.3861084	anonymous	ZH-S	比较同意	比较反对	比较反对	比较同意	比较同意	比较同意	比较同意	比较同意	比较同意	比较同意	同意	中立	同意	比较反对	比较同意	比较反对	中立	比较反对	中立	同意	有点满意
2021/1/14 19:21	2021/1/14 19:21	IP Address	59.64.54.119	100	40	TRUE	2021/1/14 19:21	R_30fbTjUlba1slgS					24.31170654	109.3861084	anonymous	ZH-S	比较反对	中立	比较反对	中立	中立	比较反对	比较反对	比较反对	比较反对	中立	比较反对	比较反对	比较反对	比较反对	反对	反对	反对	比较反对	比较反对	同意	中立
2021/1/14 19:24	2021/1/14 19:24	IP Address	59.64.54.119	100	40	TRUE	2021/1/14 19:25	R_1Nt63l8ijnqg6xp					24.31170654	109.3861084	anonymous	ZH-S	反对	反对	反对	比较反对	反对	比较反对	比较反对	中立	中立	反对	同意	中立	同意	同意	比较反对	反对	比较反对	反对	反对	同意	有点不满意
2021/1/14 19:27	2021/1/14 19:28	IP Address	59.64.54.119	100	36	TRUE	2021/1/14 19:28	R_RfchKOttOIPv22R					24.31170654	109.3861084	anonymous	ZH-S	比较反对	中立	比较反对	反对	比较同意	比较同意	比较反对	反对	比较反对	反对	比较同意	中立	比较反对	比较同意	比较反对	反对	比较反对	比较反对	比较反对	同意	中立
2021/1/14 19:42	2021/1/14 19:44	IP Address	59.64.54.119	100	107	TRUE	2021/1/14 19:44	R_p4T9dmK5cXJtmBr					24.31170654	109.3861084	anonymous	ZH-S	中立	比较反对	反对	比较反对	比较反对	中立	比较反对	中立	比较同意	中立	比较同意	比较反对	比较同意	中立	中立	比较反对	比较反对	比较反对	反对	同意	中立
2021/1/14 19:46	2021/1/14 19:47	IP Address	59.64.54.119	100	66	TRUE	2021/1/14 19:47	R_25uvNgSgpOVmApJ					24.31170654	109.3861084	anonymous	ZH-S	比较反对	比较反对	比较反对	反对	比较反对	中立	中立	反对	中立	中立	中立	同意	中立	比较同意	比较反对	反对	反对	反对	反对	同意	有点不满意
2021/1/14 19:50	2021/1/14 19:51	IP Address	59.64.54.119	100	54	TRUE	2021/1/14 19:51	R_3no9tDOfgacxYrV					24.31170654	109.3861084	anonymous	ZH-S	比较反对	比较反对	反对	反对	比较反对	比较反对	比较反对	反对	比较反对	反对	比较反对	中立	中立	中立	比较反对	反对	比较反对	反对	反对	同意	中立
2021/1/14 19:53	2021/1/14 19:54	IP Address	59.64.54.119	100	55	TRUE	2021/1/14 19:54	R_0jgBHBwCoYUmLL3					24.31170654	109.3861084	anonymous	ZH-S	中立	中立	中立	中立	中立	比较同意	比较同意	比较同意	比较同意	比较同意	比较同意	中立	比较同意	中立	中立	比较反对	比较反对	比较反对	比较同意	同意	有点满意
2021/1/14 20:38	2021/1/14 20:40	IP Address	219.142.99.14	100	91	TRUE	2021/1/14 20:40	R_d0YlyzofDrc2UJr					39.92880249	116.3888855	anonymous	ZH-S	完全反对	完全反对	反对	完全反对	完全反对	完全反对	比较反对	完全反对	中立	比较反对	同意	比较同意	完全同意	同意	完全反对	反对	完全反对	比较反对	完全反对	同意	一般不满意
2021/1/14 20:42	2021/1/14 20:43	IP Address	219.142.99.14	100	58	TRUE	2021/1/14 20:43	R_3Ej9STtdxWq6Df1					39.92880249	116.3888855	anonymous	ZH-S	反对	反对	反对	反对	比较反对	反对	反对	完全反对	完全反对	完全反对	比较反对	同意	比较反对	反对	反对	反对	完全反对	完全反对	完全反对	同意	一般不满意
2021/1/14 20:46	2021/1/14 20:47	IP Address	219.142.99.14	100	61	TRUE	2021/1/14 20:47	R_2PAaNCv3qeueAPW					39.92880249	116.3888855	anonymous	ZH-S	完全反对	完全反对	完全反对	完全反对	完全反对	完全反对	完全反对	完全反对	完全反对	完全反对	同意	同意	同意	完全同意	完全反对	完全反对	完全反对	中立	完全反对	同意	极不满意
2021/1/14 20:50	2021/1/14 20:50	IP Address	219.142.99.14	100	56	TRUE	2021/1/14 20:50	R_2RODlvcUmfGKc6u					39.92880249	116.3888855	anonymous	ZH-S	比较同意	同意	中立	比较同意	比较同意	比较同意	同意	同意	比较同意	同意	比较同意	中立	比较同意	比较同意	同意	比较同意	比较同意	同意	反对	同意	一般满意
2021/1/14 22:17	2021/1/14 22:18	IP Address	59.64.54.119	100	55	TRUE	2021/1/14 22:18	R_3h9L3oIy1Nsp50j					24.31170654	109.3861084	anonymous	ZH-S	中立	比较同意	比较同意	比较同意	比较同意	中立	中立	比较同意	比较同意	比较反对	比较反对	比较反对	比较同意	比较反对	比较同意	中立	比较反对	比较同意	比较同意	同意	一般满意
2021/1/14 22:21	2021/1/14 22:22	IP Address	59.64.54.119	100	40	TRUE	2021/1/14 22:22	R_22xoWXjyj8QEFZS					24.31170654	109.3861084	anonymous	ZH-S	中立	中立	中立	中立	中立	比较反对	比较反对	中立	比较反对	比较反对	中立	比较同意	比较反对	中立	反对	反对	反对	反对	比较反对	同意	中立
2021/1/14 22:24	2021/1/14 22:25	IP Address	59.64.54.119	100	48	TRUE	2021/1/14 22:25	R_3pbVbKDE9cj7u9Q					24.31170654	109.3861084	anonymous	ZH-S	反对	比较反对	中立	中立	比较同意	反对	反对	反对	比较反对	反对	反对	中立	反对	中立	中立	反对	比较反对	反对	反对	同意	中立
2021/1/14 22:27	2021/1/14 22:28	IP Address	59.64.54.119	100	31	TRUE	2021/1/14 22:28	R_1FfUEtJUP3kbwIh					24.31170654	109.3861084	anonymous	ZH-S	反对	反对	反对	反对	比较反对	反对	反对	反对	反对	反对	中立	反对	反对	中立	反对	反对	反对	反对	反对	同意	有点不满意
2021/1/14 22:44	2021/1/14 22:46	IP Address	59.64.54.119	100	93	TRUE	2021/1/14 22:46	R_2uUkoYpZoicb4Qg					24.31170654	109.3861084	anonymous	ZH-S	比较反对	反对	比较反对	比较反对	比较反对	中立	比较同意	中立	比较同意	比较反对	同意	比较同意	比较同意	同意	比较同意	比较反对	反对	比较反对	比较反对	同意	有点满意
2021/1/14 22:49	2021/1/14 22:50	IP Address	59.64.54.119	100	77	TRUE	2021/1/14 22:50	R_2U9oRetxCwEZz6a					24.31170654	109.3861084	anonymous	ZH-S	比较同意	中立	比较反对	中立	同意	反对	反对	反对	反对	反对	比较反对	同意	比较反对	比较同意	反对	完全反对	反对	反对	中立	同意	中立
2021/1/14 22:53	2021/1/14 22:54	IP Address	59.64.54.119	100	68	TRUE	2021/1/14 22:54	R_POnXuHY0c9bVfyN					24.31170654	109.3861084	anonymous	ZH-S	完全反对	完全反对	反对	完全反对	完全反对	反对	比较反对	完全反对	完全反对	反对	同意	同意	中立	同意	反对	完全反对	完全反对	完全反对	反对	同意	一般不满意
2021/1/14 22:57	2021/1/14 22:58	IP Address	59.64.54.119	100	76	TRUE	2021/1/14 22:58	R_1Fy7k920TVPbXiA					24.31170654	109.3861084	anonymous	ZH-S	比较同意	同意	同意	完全同意	同意	同意	比较反对	同意	同意	同意	反对	中立	中立	反对	同意	比较同意	比较同意	比较同意	同意	同意	一般满意
2021/1/14 23:17	2021/1/14 23:18	IP Address	59.64.54.119	100	99	TRUE	2021/1/14 23:18	R_3qldcXz0i3rKXUp					24.31170654	109.3861084	anonymous	ZH-S	比较同意	中立	同意	比较同意	同意	同意	同意	同意	同意	完全同意	完全反对	完全反对	比较反对	完全反对	中立	中立	比较反对	反对	中立	同意	一般满意
2021/1/14 23:21	2021/1/14 23:22	IP Address	59.64.54.119	100	79	TRUE	2021/1/14 23:22	R_23HpK22XzX3Gfeh					24.31170654	109.3861084	anonymous	ZH-S	比较反对	中立	比较反对	中立	反对	中立	中立	中立	比较反对	比较反对	比较同意	中立	比较同意	比较同意	比较反对	中立	比较反对	反对	中立	同意	有点不满意
2021/1/14 23:25	2021/1/14 23:26	IP Address	59.64.54.119	100	66	TRUE	2021/1/14 23:26	R_3Nx0XraQ7jR82qw					24.31170654	109.3861084	anonymous	ZH-S	完全同意	完全同意	完全同意	完全同意	完全同意	反对	完全反对	完全反对	完全反对	完全反对	反对	反对	完全反对	同意	完全同意	反对	反对	完全同意	比较同意	同意	一般满意
2021/1/14 23:29	2021/1/14 23:30	IP Address	59.64.54.119	100	100	TRUE	2021/1/14 23:30	R_54GyQHZxx82dSxz					24.31170654	109.3861084	anonymous	ZH-S	同意	比较同意	反对	同意	比较同意	反对	同意	反对	完全反对	完全反对	中立	同意	反对	同意	反对	完全反对	完全反对	反对	同意	同意	有点不满意
2021/1/14 23:44	2021/1/14 23:45	IP Address	59.64.54.119	100	96	TRUE	2021/1/14 23:45	R_1OpEgsfHMOj2bNM					24.31170654	109.3861084	anonymous	ZH-S	反对	中立	比较反对	中立	比较同意	比较反对	比较反对	比较反对	比较反对	比较反对	中立	比较反对	比较同意	比较同意	比较反对	比较反对	反对	反对	比较反对	同意	有点不满意
2021/1/14 23:48	2021/1/14 23:49	IP Address	59.64.54.119	100	59	TRUE	2021/1/14 23:49	R_1d4Rtcu015h5ciY					24.31170654	109.3861084	anonymous	ZH-S	中立	同意	比较同意	同意	同意	同意	同意	同意	同意	同意	比较反对	比较反对	同意	中立	同意	中立	中立	比较同意	同意	同意	有点满意
2021/1/14 23:52	2021/1/14 23:53	IP Address	59.64.54.119	100	60	TRUE	2021/1/14 23:53	R_Ddu804RYdDBv4M9					24.31170654	109.3861084	anonymous	ZH-S	比较反对	比较同意	比较反对	中立	比较同意	比较反对	比较反对	比较反对	中立	比较反对	比较同意	中立	中立	比较同意	比较反对	比较反对	完全反对	比较反对	比较反对	同意	有点不满意
2021/1/14 23:56	2021/1/14 23:57	IP Address	59.64.54.119	100	65	TRUE	2021/1/14 23:57	R_2BgQy8RiaduTkuf					24.31170654	109.3861084	anonymous	ZH-S	比较反对	比较同意	中立	中立	比较同意	比较反对	比较反对	中立	比较反对	中立	中立	中立	中立	中立	中立	比较反对	反对	比较反对	比较反对	同意	中立
2021/1/15 0:10	2021/1/15 0:13	IP Address	59.64.54.119	100	166	TRUE	2021/1/15 0:13	R_2uwCNOFhZSw3NDG					24.31170654	109.3861084	anonymous	ZH-S	比较反对	比较同意	比较反对	比较同意	比较同意	比较同意	比较同意	比较同意	比较同意	比较同意	比较同意	比较反对	比较同意	比较反对	比较同意	反对	反对	反对	比较反对	同意	有点满意
2021/1/15 0:16	2021/1/15 0:18	IP Address	59.64.54.119	100	126	TRUE	2021/1/15 0:18	R_ONDzodjH74nvoR3					24.31170654	109.3861084	anonymous	ZH-S	反对	比较同意	反对	比较同意	比较同意	比较反对	比较反对	比较反对	比较反对	比较反对	比较反对	比较反对	比较反对	反对	比较反对	反对	反对	反对	比较反对	同意	有点不满意
2021/1/15 0:21	2021/1/15 0:22	IP Address	59.64.54.119	100	85	TRUE	2021/1/15 0:22	R_3lEpeIRN4FS35qD					24.31170654	109.3861084	anonymous	ZH-S	反对	比较反对	反对	比较反对	比较反对	比较同意	比较反对	比较反对	比较同意	比较反对	比较反对	反对	比较同意	比较反对	反对	反对	反对	反对	反对	同意	有点满意
2021/1/15 0:25	2021/1/15 0:27	IP Address	59.64.54.119	100	119	TRUE	2021/1/15 0:27	R_1LjL1IUke5TskZJ					24.31170654	109.3861084	anonymous	ZH-S	比较反对	比较同意	比较同意	比较同意	比较同意	比较同意	比较同意	比较同意	同意	比较同意	比较反对	反对	比较同意	比较反对	比较同意	比较反对	比较同意	比较反对	比较同意	同意	一般满意
